Timestamp sec,Timestamp nanosec,Target x,Target y,Target z, Target sec, Target nanosec,Entry_point x,Entry_point y,Entry_point z, Entry_point sec, Entry_point nanosec,AuroraTip x,AuroraTip y,AuroraTip z,AuroraTip qw,AuroraTip qx,AuroraTip qy,AuroraTip qz,AuroraTip sec,AuroraTip nanosec,Tip x,Tip y,Tip z,Tip qw,Tip qx,Tip qy,Tip qz,Tip sec,Tip nanosec,AuroraBase x,AuroraBase y,AuroraBase z,AuroraBase qw,AuroraBase qx,AuroraBase qy,AuroraBase qz,AuroraBase sec,AuroraBase nanosec,Base x,Base y,Base z,Base qw,Base qx,Base qy,Base qz,Base sec,Base nanosec,J00,J01,J02,J10,J11,J12,J20,J21,J22,J30,J31,J32,J40,J41,J42,J sec,J nanosec,Control x,Control y,Control z,Control sec,Control nanosec,Robot x,Robot z,Robot sec,Robot nanosec
1666029752,372214183,0,0,0,0,0,0,0,0,0,0,79.37110137939453,16.548860549926758,-262.6101379394531,0.999704897403717,0.01328957173973322,0.020334990695118904,1.8631949316727514e-09,1666029752,364181937,0,0,0,0,0,0,0,0,0,0,0,0,0,0,0,0,0,0,0,0,0,0,0,0,0,0,0,0,0,0,0,0,0,0,0,0,0,0,0,0,0,0,0,0,0,0,0,0,0,-0.025,0.011536250000000001,1666029752,331730121
1666029752,872187411,0,0,0,0,0,0,0,0,0,0,79.635986328125,16.283924102783203,-262.73126220703125,0.9997522234916687,0.01183938980102539,0.018850209191441536,5.589320117849184e-09,1666029752,857864446,-24.978986129480703,2.701715468145494,12.504702776428665,0.7098788153934352,0.70427674651565,0.013473767207087858,0.0030405820455631435,1666029752,573442959,0,0,0,0,0,0,0,0,0,0,0,0,0,0,0,0,0,0,0,0,0,0,0,0,0,0,0,0,0,0,0,0,0,0,0,0,0,0,0,0,-0.025,0.011536250000000001,1666029752,831707960
1666029753,372186397,0,0,0,0,0,0,0,0,0,0,79.47105407714844,16.417510986328125,-262.698486328125,0.9997232556343079,0.012689591385424137,0.01980876922607422,5.589482210410779e-09,1666029753,368738947,-24.950777225455923,2.6440776207496697,12.321425930730648,0.7105929726233329,0.7035462026543936,0.013297993764864487,0.002859605286159351,1666029753,173383991,0,0,0,0,0,0,0,0,0,0,0,0,0,0,0,0,0,0,0,0,0,0,0,0,0,0,0,0,0,0,0,0,0,0,0,0,0,0,0,0,-0.025,0.011536250000000001,1666029753,331692827
1666029753,872315550,0,0,0,0,0,0,0,0,0,0,79.08724212646484,16.47870445251465,-262.7305603027344,0.9996830224990845,0.012584925629198551,0.02180469036102295,-1.1179414727280346e-08,1666029753,866599108,-25.093255520047464,2.5995208941434953,12.46380655400602,0.7099450359032375,0.7041974775508983,0.01374338333093628,0.0032999183589418283,1666029753,773446482,0,0,0,0,0,0,0,0,0,0,0,0,0,0,0,0,0,0,0,0,0,0,0,0,0,0,0,0,0,0,0,0,0,0,0,0,0,0,0,0,-0.025,0.011536250000000001,1666029753,831713141
1666029754,372307202,0,0,0,0,0,0,0,0,0,0,79.11563110351562,16.45412826538086,-261.7583312988281,0.9997121691703796,0.01672297716140747,0.017201244831085205,1.3027714018676306e-08,1666029754,355754822,-25.233755725414554,2.6682686116951118,12.475538540017787,0.7101646235955391,0.7039593113117826,0.014374303383208178,0.003905821745650762,1666029754,73420130,0,0,0,0,0,0,0,0,0,0,0,0,0,0,0,0,0,0,0,0,0,0,0,0,0,0,0,0,0,0,0,0,0,0,0,0,0,0,0,0,-0.025,0.011536250000000001,1666029754,331667229
1666029754,872343472,0,0,0,0,0,0,0,0,0,0,79.9405288696289,16.56502914428711,-258.31646728515625,0.9996323585510254,0.014245155267417431,0.02306959219276905,2.0496631947253263e-08,1666029754,870393016,-25.399605576913274,0.3513858261488281,12.386591385012203,0.7084343865092618,0.7057164061921714,0.013426174111811014,0.003017319745251105,1666029754,673647759,0,0,0,0,0,0,0,0,0,0,0,0,0,0,0,0,0,0,0,0,0,0,0,0,0,0,0,0,0,0,0,0,0,0,0,0,0,0,0,0,-0.025,0.011536250000000001,1666029754,831676391
1666029755,372375760,0,0,0,0,0,0,0,0,0,0,79.55899047851562,16.560346603393555,-258.5251770019531,0.9995861649513245,0.013177573680877686,0.025573788210749626,2.607326976544755e-08,1666029755,358824483,-24.97755982802647,-1.9867968839063792,12.855320533669747,0.7084681658743961,0.7056186922910619,0.016849799409085705,0.006323257825126704,1666029755,273378938,0,0,0,0,0,0,0,0,0,0,0,0,0,0,0,0,0,0,0,0,0,0,0,0,0,0,0,0,0,0,0,0,0,0,0,0,0,0,0,0,-0.025,0.011536250000000001,1666029755,331650331
1666029755,872356865,0,0,0,0,0,0,0,0,0,0,79.86241912841797,16.833559036254883,-260.0485534667969,0.9996623992919922,0.012679219245910645,0.02267897129058838,2.6085839266443145e-08,1666029755,853237537,-24.707857003767003,-1.5074435621390307,12.895651129273439,0.7093006932281284,0.7047675044551472,0.016884933300432673,0.006344103577691733,1666029755,573462965,0,0,0,0,0,0,0,0,0,0,0,0,0,0,0,0,0,0,0,0,0,0,0,0,0,0,0,0,0,0,0,0,0,0,0,0,0,0,0,0,-0.025,0.011536250000000001,1666029755,831614420
1666029756,372326138,0,0,0,0,0,0,0,0,0,0,79.6178207397461,16.77119255065918,-260.3115234375,0.999670147895813,0.013397336937487125,0.02191007137298584,-2.420781974876718e-08,1666029756,368096077,-24.95680680097921,-0.02283446919830112,12.736571504559542,0.7117956537138403,0.7022402180378288,0.016769995658351414,0.006193890247115507,1666029756,174509463,0,0,0,0,0,0,0,0,0,0,0,0,0,0,0,0,0,0,0,0,0,0,0,0,0,0,0,0,0,0,0,0,0,0,0,0,0,0,0,0,-0.025,0.011536250000000001,1666029756,331632066
1666029756,872315911,0,0,0,0,0,0,0,0,0,0,79.42455291748047,16.565753936767578,-260.03759765625,0.999683141708374,0.01352381706237793,0.02123221755027771,9.316178051221868e-09,1666029756,862452920,-24.928183597413877,0.19430591760630023,12.551117137161079,0.7101846361449801,0.7039388619541197,0.014533658885892904,0.004059386642033298,1666029756,773587415,0,0,0,0,0,0,0,0,0,0,0,0,0,0,0,0,0,0,0,0,0,0,0,0,0,0,0,0,0,0,0,0,0,0,0,0,0,0,0,0,-0.025,0.011536250000000001,1666029756,831605476
1666029757,372373121,-25.039869063783684,-100.0,12.700587219273551,1666029757,272522110,-25.039869063783684,-0.09401108867615449,12.700587219273551,1666029757,272522110,79.69220733642578,16.84075164794922,-260.0528564453125,0.9996994733810425,0.014304161071777344,0.01990923471748829,1.863205056906736e-08,1666029757,354076308,-25.040292664519384,-0.09501980964353152,12.671509739724051,0.7095628520607082,0.704566456219833,0.01441023974386243,0.003949969095237293,1666029757,73467033,0,0,0,0,0,0,0,0,0,-25.0,0.0,11.53625,1.0,0.0,0.0,0.0,1666029757,42391892,-0.5,-0.015,0.0,0.001,0.85,0.001,0.0,-0.001,-0.5,-0.01,-0.001,0.0,0.0,-0.001,-0.01,1666029757,43603041,0,0,0,0,0,-0.025,0.011536250000000001,1666029757,331553129
1666029757,872302855,-25.039869063783684,-100.0,12.700587219273551,1666029757,272522110,-25.039869063783684,-0.09401108867615449,12.700587219273551,1666029757,272522110,79.39739990234375,16.703533172607422,-259.9573059082031,0.9996733665466309,0.014718531630933285,0.020897505804896355,1.8632537734930565e-09,1666029757,863962081,-24.817827978784734,0.08897983973054124,12.820051136640721,0.7093165799388987,0.7048360515445453,0.013485997980956795,0.003061237596485222,1666029757,673396830,0,0,0,0,0,0,0,0,0,-25.0,0.0,11.53625,1.0,0.0,0.0,0.0,1666029757,42391892,-0.5,-0.015,0.0,0.001,0.85,0.001,0.0,-0.001,-0.5,-0.01,-0.001,0.0,0.0,-0.001,-0.01,1666029757,43603041,0,0,0,0,0,-0.025,0.011536250000000001,1666029757,831583461
1666029758,372392660,-25.039869063783684,-100.0,12.700587219273551,1666029758,272391640,-25.039869063783684,-0.09401108867615449,12.700587219273551,1666029758,272391640,79.51533508300781,16.35929298400879,-258.6896057128906,0.9996610879898071,0.011846660636365414,0.02318313531577587,-3.726553288174728e-09,1666029758,356691395,-24.92499213167696,-0.30906002696389123,12.788447865348651,0.7084813542982629,0.7056661112833763,0.014378865360232081,0.003936672883359778,1666029758,273514220,0,0,0,0,0,0,0,0,0,-25.0,0.0,11.53625,1.0,0.0,0.0,0.0,1666029757,42391892,-0.5,-0.015,0.0,0.001,0.85,0.001,0.0,-0.001,-0.5,-0.01,-0.001,0.0,0.0,-0.001,-0.01,1666029757,43603041,0,0,0,0,0,-0.025,0.011536250000000001,1666029758,331544622
1666029758,872226796,-25.039869063783684,-100.0,12.700587219273551,1666029758,272391640,-25.039869063783684,-0.09401108867615449,12.700587219273551,1666029758,272391640,79.5397720336914,16.042251586914062,-255.04312133789062,0.9995517134666443,0.006862164009362459,0.029140980914235115,-2.0491006225142883e-08,1666029758,866511501,-25.029391579730984,-1.6681476235408468,12.611230437256147,0.7105846173945954,0.7034874223310492,0.016597260691067272,0.006046097284000622,1666029758,573475809,0,0,0,0,0,0,0,0,0,-25.0,0.0,11.53625,1.0,0.0,0.0,0.0,1666029757,42391892,-0.5,-0.015,0.0,0.001,0.85,0.001,0.0,-0.001,-0.5,-0.01,-0.001,0.0,0.0,-0.001,-0.01,1666029757,43603041,0,0,0,0,0,-0.025,0.011536250000000001,1666029758,831522785
1666029759,372313593,-25.039869063783684,-100.0,12.700587219273551,1666029759,272351013,-25.039869063783684,-0.09401108867615449,12.700587219273551,1666029759,272351013,79.97435760498047,16.492883682250977,-254.13580322265625,0.9996362924575806,0.009726881980895996,0.02515125460922718,3.7266456587303765e-09,1666029759,364939984,-24.763892749401975,-5.885075647980784,12.554121534404395,0.713606130942763,0.7002819581976617,0.019959588429015934,0.009245789818953876,1666029759,173343127,0,0,0,0,0,0,0,0,0,-25.0,0.0,11.53625,1.0,0.0,0.0,0.0,1666029757,42391892,-0.5,-0.015,0.0,0.001,0.85,0.001,0.0,-0.001,-0.5,-0.01,-0.001,0.0,0.0,-0.001,-0.01,1666029757,43603041,0,0,0,0,0,-0.025,0.011536250000000001,1666029759,331523789
1666029759,872349442,-25.039869063783684,-100.0,12.700587219273551,1666029759,272351013,-25.039869063783684,-0.09401108867615449,12.700587219273551,1666029759,272351013,80.0990219116211,16.546422958374023,-254.34527587890625,0.9996951818466187,0.010365604422986507,0.022411376237869263,2.0488066354573675e-08,1666029759,852394961,-24.721805357560342,-5.956769721855295,12.930149296798454,0.7114367043672518,0.7026287298956864,0.01605782432955965,0.005511728407817804,1666029759,777657259,0,0,0,0,0,0,0,0,0,-25.0,0.0,11.53625,1.0,0.0,0.0,0.0,1666029757,42391892,-0.5,-0.015,0.0,0.001,0.85,0.001,0.0,-0.001,-0.5,-0.01,-0.001,0.0,0.0,-0.001,-0.01,1666029757,43603041,0,0,0,0,0,-0.025,0.011536250000000001,1666029759,831497431
1666029760,372280518,-25.039869063783684,-100.0,12.700587219273551,1666029760,272394802,-25.039869063783684,-0.09401108867615449,12.700587219273551,1666029760,272394802,79.95176696777344,16.409170150756836,-254.45310974121094,0.9996957778930664,0.009383082389831543,0.022813288494944572,-7.452848116429323e-09,1666029760,365864242,-24.55727391721105,-5.7467085403633575,12.788656294205332,0.7118886636133556,0.7021825701585956,0.015618245589884202,0.005080082728340587,1666029760,73623518,0,0,0,0,0,0,0,0,0,-25.0,-5.0,11.53625,1.0,0.0,0.0,0.0,1666029759,974060020,-0.5,-0.03207917118027641,0.0,0.001,1.0971398331201216,0.001,0.0,-0.04962418075091389,-0.5,-0.01,-0.0009009340186425315,0.0,0.0,-0.0008166772962754634,-0.01,1666029759,975127868,-25.0,-10.0,11.53625,1666029759,993333007,-0.025,0.011536250000000001,1666029760,331508739
1666029760,872373661,-25.039869063783684,-100.0,12.700587219273551,1666029760,272394802,-25.039869063783684,-0.09401108867615449,12.700587219273551,1666029760,272394802,79.84761810302734,16.500362396240234,-254.31690979003906,0.9996845722198486,0.010019421577453613,0.023031381890177727,-2.7941215563487276e-08,1666029760,854679489,-24.660121128286022,-5.587864013890794,12.776939733696459,0.7122196395354587,0.7018493625612915,0.015571962228525936,0.005030180854111043,1666029760,673380916,0,0,0,0,0,0,0,0,0,-25.0,-5.0,11.53625,1.0,0.0,0.0,0.0,1666029759,974060020,-0.5,-0.03207917118027641,0.0,0.001,1.0971398331201216,0.001,0.0,-0.04962418075091389,-0.5,-0.01,-0.0009009340186425315,0.0,0.0,-0.0008166772962754634,-0.01,1666029759,975127868,-25.0,-10.0,11.53625,1666029759,993333007,-0.025,0.011536250000000001,1666029760,831493675
1666029761,372260897,-25.039869063783684,-100.0,12.700587219273551,1666029761,272342661,-25.039869063783684,-0.09401108867615449,12.700587219273551,1666029761,272342661,79.91439056396484,16.41887664794922,-249.77914428710938,0.9995631575584412,0.009012937545776367,0.028147460892796516,3.726918329505224e-09,1666029761,369116769,-24.99673278945278,-6.650635119712263,12.60348511903566,0.7128620349041455,0.7011461018831453,0.01805589742849647,0.007419020467563986,1666029761,273411380,0,0,0,0,0,0,0,0,0,-25.0,-5.0,11.53625,1.0,0.0,0.0,0.0,1666029759,974060020,-0.5,-0.03207917118027641,0.0,0.001,1.0971398331201216,0.001,0.0,-0.04962418075091389,-0.5,-0.01,-0.0009009340186425315,0.0,0.0,-0.0008166772962754634,-0.01,1666029759,975127868,-25.0,-10.0,11.53625,1666029759,993333007,-0.025,0.011536250000000001,1666029761,331418238
1666029761,872226922,-25.039869063783684,-100.0,12.700587219273551,1666029761,272342661,-25.039869063783684,-0.09401108867615449,12.700587219273551,1666029761,272342661,80.0582504272461,16.264347076416016,-249.78390502929688,0.9996917247772217,0.009136556647717953,0.023088721558451653,-1.3042536828322682e-08,1666029761,862196428,-24.595255963933738,-10.365423333296064,12.693524985561787,0.7131038826916297,0.7008412576643753,0.019099120916881384,0.008422703527374115,1666029761,573409662,0,0,0,0,0,0,0,0,0,-25.0,-5.0,11.53625,1.0,0.0,0.0,0.0,1666029759,974060020,-0.5,-0.03207917118027641,0.0,0.001,1.0971398331201216,0.001,0.0,-0.04962418075091389,-0.5,-0.01,-0.0009009340186425315,0.0,0.0,-0.0008166772962754634,-0.01,1666029759,975127868,-25.0,-10.0,11.53625,1666029759,993333007,-0.025,0.011536250000000001,1666029761,831436971
1666029762,372244779,-25.039869063783684,-100.0,12.700587219273551,1666029762,272337601,-25.039869063783684,-0.09401108867615449,12.700587219273551,1666029762,272337601,79.72201538085938,16.6195125579834,-249.7792205810547,0.9996356964111328,0.011057139374315739,0.02462041564285755,2.7935302071568913e-08,1666029762,354349708,-24.611516565857386,-10.378943436121858,12.905605446673967,0.7118571841012155,0.7022232812965319,0.015795446550393243,0.005251725655379472,1666029762,173336322,0,0,0,0,0,0,0,0,0,-25.0,-5.0,11.53625,1.0,0.0,0.0,0.0,1666029759,974060020,-0.5,-0.03207917118027641,0.0,0.001,1.0971398331201216,0.001,0.0,-0.04962418075091389,-0.5,-0.01,-0.0009009340186425315,0.0,0.0,-0.0008166772962754634,-0.01,1666029759,975127868,-25.0,-10.0,11.53625,1666029759,993333007,-0.025,0.011536250000000001,1666029762,331371024
1666029762,872318265,-25.039869063783684,-100.0,12.700587219273551,1666029762,272337601,-25.039869063783684,-0.09401108867615449,12.700587219273551,1666029762,272337601,80.0604248046875,16.708141326904297,-249.59408569335938,0.9996758699417114,0.012075304985046387,0.022412508726119995,-2.6085487547788944e-08,1666029762,867022173,-24.809501070909533,-10.462128088244583,12.944084746728997,0.7114854349218243,0.702574063239247,0.016249040395263696,0.005695616270530583,1666029762,776902630,0,0,0,0,0,0,0,0,0,-25.0,-10.0,11.53625,1.0,0.0,0.0,0.0,1666029762,405795099,-0.5,-0.02556525283474161,0.0,0.001,0.9588815244522261,0.001,0.0,-0.014177762748054316,-0.5,-0.01,-0.0002204192619534378,0.0,0.0,-0.00043837147204350103,-0.01,1666029762,406721137,-25.0,-15.0,11.53625,1666029762,422201321,-0.025,0.011536250000000001,1666029762,831384309
1666029763,372325485,-25.039869063783684,-100.0,12.700587219273551,1666029763,272298248,-25.039869063783684,-0.09401108867615449,12.700587219273551,1666029763,272298248,80.43775939941406,16.62555503845215,-249.59107971191406,0.9997304081916809,0.011892200447618961,0.01993712969124317,-1.1171606750792762e-08,1666029763,359013984,-24.65932704312644,-10.464232242123785,12.961137457582446,0.7112089917501498,0.702865733217075,0.015478068773972248,0.0049553725412609904,1666029763,73397756,0,0,0,0,0,0,0,0,0,-25.0,-10.0,11.53625,1.0,0.0,0.0,0.0,1666029762,405795099,-0.5,-0.02556525283474161,0.0,0.001,0.9588815244522261,0.001,0.0,-0.014177762748054316,-0.5,-0.01,-0.0002204192619534378,0.0,0.0,-0.00043837147204350103,-0.01,1666029762,406721137,-25.0,-15.0,11.53625,1666029762,422201321,-0.025,0.011536250000000001,1666029763,331418671
1666029763,872340124,-25.039869063783684,-100.0,12.700587219273551,1666029763,272298248,-25.039869063783684,-0.09401108867615449,12.700587219273551,1666029763,272298248,79.93419647216797,16.11060905456543,-245.853759765625,0.9995951056480408,0.00902479887008667,0.026987135410308838,5.5829199041568245e-09,1666029763,851846679,-24.540292143815037,-10.515685235386627,12.848968706401486,0.7115536933326619,0.7025448513091516,0.014735571634135445,0.004232855322485213,1666029763,673493895,0,0,0,0,0,0,0,0,0,-25.0,-10.0,11.53625,1.0,0.0,0.0,0.0,1666029762,405795099,-0.5,-0.02556525283474161,0.0,0.001,0.9588815244522261,0.001,0.0,-0.014177762748054316,-0.5,-0.01,-0.0002204192619534378,0.0,0.0,-0.00043837147204350103,-0.01,1666029762,406721137,-25.0,-15.0,11.53625,1666029762,422201321,-0.025,0.011536250000000001,1666029763,831334165
1666029764,372339875,-25.039869063783684,-100.0,12.700587219273551,1666029764,275096953,-25.039869063783684,-0.09401108867615449,12.700587219273551,1666029764,275096953,80.42057037353516,16.567583084106445,-244.65782165527344,0.9996786117553711,0.011421204544603825,0.022633763030171394,9.301663439487129e-09,1666029764,365987548,-24.39643619119427,-15.650248769074551,12.96175264653916,0.7119453023922553,0.702054795284849,0.01784557489961335,0.007230275491104873,1666029764,275555095,0,0,0,0,0,0,0,0,0,-25.0,-10.0,11.53625,1.0,0.0,0.0,0.0,1666029762,405795099,-0.5,-0.02556525283474161,0.0,0.001,0.9588815244522261,0.001,0.0,-0.014177762748054316,-0.5,-0.01,-0.0002204192619534378,0.0,0.0,-0.00043837147204350103,-0.01,1666029762,406721137,-25.0,-15.0,11.53625,1666029762,422201321,-0.025,0.011536250000000001,1666029764,331334595
1666029764,872376423,-25.039869063783684,-100.0,12.700587219273551,1666029764,275096953,-25.039869063783684,-0.09401108867615449,12.700587219273551,1666029764,275096953,80.13756561279297,16.285104751586914,-244.7691192626953,0.9996873140335083,0.010037839412689209,0.022903619334101677,1.303531593777052e-08,1666029764,858475602,-24.30506483227083,-15.388772488814425,13.014121697146756,0.7114072367578627,0.7026909202707938,0.015562242404208676,0.0050335648411378425,1666029764,573380784,0,0,0,0,0,0,0,0,0,-25.0,-10.0,11.53625,1.0,0.0,0.0,0.0,1666029762,405795099,-0.5,-0.02556525283474161,0.0,0.001,0.9588815244522261,0.001,0.0,-0.014177762748054316,-0.5,-0.01,-0.0002204192619534378,0.0,0.0,-0.00043837147204350103,-0.01,1666029762,406721137,-25.0,-15.0,11.53625,1666029762,422201321,-0.025,0.011536250000000001,1666029764,831292031
1666029765,372198734,-25.039869063783684,-100.0,12.700587219273551,1666029765,272378066,-25.039869063783684,-0.09401108867615449,12.700587219273551,1666029765,272378066,80.43064880371094,16.285600662231445,-244.63038635253906,0.9997242093086243,0.010045230388641357,0.02122563309967518,9.315794358144558e-09,1666029765,356977937,-24.460486095560682,-15.33074860982623,12.9232641139076,0.7118876378511668,0.7021925549479221,0.015072932720172265,0.0045534508626241445,1666029765,173470869,0,0,0,0,0,0,0,0,0,-25.0,-15.0,11.53625,1.0,0.0,0.0,0.0,1666029765,21494956,-0.5,-0.025392045297410543,0.0,0.001,0.9722990872209718,0.001,0.0,-0.011567513541835044,-0.5,-0.01,0.00018328199928049172,0.0,0.0,-8.951177195915059e-05,-0.01,1666029765,22578696,-25.0,-20.0,11.53625,1666029765,40347959,-0.025,0.011536250000000001,1666029765,331320100
1666029765,872324327,-25.039869063783684,-100.0,12.700587219273551,1666029765,272378066,-25.039869063783684,-0.09401108867615449,12.700587219273551,1666029765,272378066,80.55321502685547,16.362529754638672,-244.8131561279297,0.9997319579124451,0.010270833969116211,0.02074897289276123,-3.726289055094867e-09,1666029765,865115128,-24.10300715998838,-15.30183750830139,12.889387454558666,0.7119960146815624,0.702125467480439,0.013661995894221972,0.0031890868870396317,1666029765,776176821,0,0,0,0,0,0,0,0,0,-25.0,-15.0,11.53625,1.0,0.0,0.0,0.0,1666029765,21494956,-0.5,-0.025392045297410543,0.0,0.001,0.9722990872209718,0.001,0.0,-0.011567513541835044,-0.5,-0.01,0.00018328199928049172,0.0,0.0,-8.951177195915059e-05,-0.01,1666029765,22578696,-25.0,-20.0,11.53625,1666029765,40347959,-0.025,0.011536250000000001,1666029765,831263594
1666029766,372329590,-25.039869063783684,-100.0,12.700587219273551,1666029766,272315614,-25.039869063783684,-0.09401108867615449,12.700587219273551,1666029766,272315614,79.85447692871094,15.818923950195312,-244.05734252929688,0.9996101260185242,0.007940767332911491,0.026771215721964836,-1.118023007506963e-08,1666029766,359329230,-24.208471363108757,-15.200613706185237,12.77501710604097,0.7125287710433286,0.7015803121253879,0.014222785369651755,0.003722325375579391,1666029766,73379004,0,0,0,0,0,0,0,0,0,-25.0,-15.0,11.53625,1.0,0.0,0.0,0.0,1666029765,21494956,-0.5,-0.025392045297410543,0.0,0.001,0.9722990872209718,0.001,0.0,-0.011567513541835044,-0.5,-0.01,0.00018328199928049172,0.0,0.0,-8.951177195915059e-05,-0.01,1666029765,22578696,-25.0,-20.0,11.53625,1666029765,40347959,-0.025,0.011536250000000001,1666029766,331260529
1666029766,872336067,-25.039869063783684,-100.0,12.700587219273551,1666029766,272315614,-25.039869063783684,-0.09401108867615449,12.700587219273551,1666029766,272315614,80.83744812011719,16.0947265625,-239.85548400878906,0.9996464252471924,0.009130299091339111,0.02497202530503273,1.3043127466971782e-08,1666029766,867960446,-24.59595568287827,-17.14644885733418,12.654989627998752,0.7127925803494913,0.7011814266343586,0.018183501596556302,0.007543325815884624,1666029766,673492732,0,0,0,0,0,0,0,0,0,-25.0,-15.0,11.53625,1.0,0.0,0.0,0.0,1666029765,21494956,-0.5,-0.025392045297410543,0.0,0.001,0.9722990872209718,0.001,0.0,-0.011567513541835044,-0.5,-0.01,0.00018328199928049172,0.0,0.0,-8.951177195915059e-05,-0.01,1666029765,22578696,-25.0,-20.0,11.53625,1666029765,40347959,-0.025,0.011536250000000001,1666029766,831275439
1666029767,372311129,-25.039869063783684,-100.0,12.700587219273551,1666029767,272300098,-25.039869063783684,-0.09401108867615449,12.700587219273551,1666029767,272300098,80.8812026977539,16.077987670898438,-240.6583709716797,0.9997416138648987,0.009232760407030582,0.020771028473973274,3.726253083868869e-09,1666029767,362237536,-23.848520277138363,-20.130627770012325,12.87761043756857,0.7125144844847322,0.7015095642023743,0.016807580902580235,0.006218846137295028,1666029767,273335913,0,0,0,0,0,0,0,0,0,-25.0,-15.0,11.53625,1.0,0.0,0.0,0.0,1666029765,21494956,-0.5,-0.025392045297410543,0.0,0.001,0.9722990872209718,0.001,0.0,-0.011567513541835044,-0.5,-0.01,0.00018328199928049172,0.0,0.0,-8.951177195915059e-05,-0.01,1666029765,22578696,-25.0,-20.0,11.53625,1666029765,40347959,-0.025,0.011536250000000001,1666029767,331233607
1666029767,872495806,-25.039869063783684,-100.0,12.700587219273551,1666029767,272300098,-25.039869063783684,-0.09401108867615449,12.700587219273551,1666029767,272300098,80.72203063964844,16.013622283935547,-240.58685302734375,0.9997339844703674,0.009160757064819336,0.021163344383239746,-1.6760989041131324e-08,1666029767,872035167,-23.932002160018428,-19.451138356542174,12.812103467412605,0.7125599225128849,0.7015424562302427,0.014270849158022866,0.0037682296995986027,1666029767,573523085,0,0,0,0,0,0,0,0,0,-25.0,-20.0,11.53625,1.0,0.0,0.0,0.0,1666029767,869369344,-0.5,-0.08077988180569867,0.0,0.001,0.8829994665223239,0.001,0.0,0.014711924143195193,-0.5,-0.01,0.0003548558520425789,0.0,0.0,-0.00035385914816284504,-0.01,1666029767,870259930,-25.0,-20.0,11.53625,1666029765,40347959,-0.025,0.011536250000000001,1666029767,831231050
1666029768,372328149,-25.039869063783684,-100.0,12.700587219273551,1666029768,272442748,-25.039869063783684,-0.09401108867615449,12.700587219273551,1666029768,272442748,80.81412506103516,16.220312118530273,-240.70802307128906,0.9997403025627136,0.009908736683428288,0.020520510151982307,2.7939657698539122e-08,1666029768,364768740,-24.13100322194714,-19.468948760288413,12.927853330627848,0.7119682017957292,0.7021416374330385,0.014505726356332653,0.004004404601559944,1666029768,173454150,0,0,0,0,0,0,0,0,0,-25.0,-20.0,11.53625,1.0,0.0,0.0,0.0,1666029767,869369344,-0.5,-0.08077988180569867,0.0,0.001,0.8829994665223239,0.001,0.0,0.014711924143195193,-0.5,-0.01,0.0003548558520425789,0.0,0.0,-0.00035385914816284504,-0.01,1666029767,870259930,-25.0,-25.0,11.53625,1666029767,887020279,-0.025,0.011536250000000001,1666029768,331185977
1666029768,872367370,-25.039869063783684,-100.0,12.700587219273551,1666029768,272442748,-25.039869063783684,-0.09401108867615449,12.700587219273551,1666029768,272442748,80.6243667602539,16.17798614501953,-240.55287170410156,0.9997250437736511,0.010161461308598518,0.021130265668034554,2.794008224782374e-08,1666029768,858268767,-23.996329642815823,-19.353676838723118,12.728801599509659,0.7127465974038033,0.7013608109614785,0.014086406732383216,0.0035872004512582586,1666029768,773506573,0,0,0,0,0,0,0,0,0,-25.0,-20.0,11.53625,1.0,0.0,0.0,0.0,1666029767,869369344,-0.5,-0.08077988180569867,0.0,0.001,0.8829994665223239,0.001,0.0,0.014711924143195193,-0.5,-0.01,0.0003548558520425789,0.0,0.0,-0.00035385914816284504,-0.01,1666029767,870259930,-25.0,-25.0,11.53625,1666029767,887020279,-0.025,0.011536250000000001,1666029768,831182278
1666029769,372257609,-25.039869063783684,-100.0,12.700587219273551,1666029769,276783434,-25.039869063783684,-0.09401108867615449,12.700587219273551,1666029769,276783434,81.3047866821289,15.735030174255371,-234.38858032226562,0.9996716976165771,0.009028554894030094,0.02397775650024414,-7.445749350409869e-09,1666029769,366840045,-24.143060662282338,-19.50620459681727,12.743318301363807,0.7124739688523657,0.7016122066536008,0.014496861798886533,0.0039878754140731006,1666029769,73498787,0,0,0,0,0,0,0,0,0,-25.0,-20.0,11.53625,1.0,0.0,0.0,0.0,1666029767,869369344,-0.5,-0.08077988180569867,0.0,0.001,0.8829994665223239,0.001,0.0,0.014711924143195193,-0.5,-0.01,0.0003548558520425789,0.0,0.0,-0.00035385914816284504,-0.01,1666029767,870259930,-25.0,-25.0,11.53625,1666029767,887020279,-0.025,0.011536250000000001,1666029769,331119985
1666029769,872377366,-25.039869063783684,-100.0,12.700587219273551,1666029769,276783434,-25.039869063783684,-0.09401108867615449,12.700587219273551,1666029769,276783434,81.19784545898438,16.169967651367188,-235.437744140625,0.9997138381004333,0.010754585266113281,0.0213643629103899,3.726356556654764e-09,1666029769,861010230,-23.49475322279733,-25.52929460917335,12.8446505558775,0.7122812154289625,0.7017836454550772,0.015710031950826556,0.005162552618014271,1666029769,673414402,0,0,0,0,0,0,0,0,0,-25.0,-20.0,11.53625,1.0,0.0,0.0,0.0,1666029767,869369344,-0.5,-0.08077988180569867,0.0,0.001,0.8829994665223239,0.001,0.0,0.014711924143195193,-0.5,-0.01,0.0003548558520425789,0.0,0.0,-0.00035385914816284504,-0.01,1666029767,870259930,-25.0,-25.0,11.53625,1666029767,887020279,-0.025,0.011536250000000001,1666029769,831159573
1666029770,372309253,-25.039869063783684,-100.0,12.700587219273551,1666029770,272336379,-25.039869063783684,-0.09401108867615449,12.700587219273551,1666029770,272336379,80.97386932373047,15.913249969482422,-235.2884063720703,0.9997115731239319,0.009651662781834602,0.021986844018101692,-2.794045883547369e-08,1666029770,358288069,-23.71852770009272,-24.865460885410698,12.881160318341408,0.712071506051002,0.702030699502489,0.01439648846319206,0.0038972656155059106,1666029770,273326568,0,0,0,0,0,0,0,0,0,-25.0,-25.0,11.53625,1.0,0.0,0.0,0.0,1666029770,278295569,-0.5,-0.05602463842332654,0.0,0.001,1.012911742030525,0.001,0.0,-0.003828217169884438,-0.5,-0.01,7.875370667306765e-05,0.0,0.0,5.601856760118607e-05,-0.01,1666029770,279684848,-25.0,-30.0,11.53625,1666029770,298458858,-0.025,0.011536250000000001,1666029770,331094456
1666029770,872367287,-25.039869063783684,-100.0,12.700587219273551,1666029770,272336379,-25.039869063783684,-0.09401108867615449,12.700587219273551,1666029770,272336379,81.3332748413086,15.840024948120117,-235.21006774902344,0.9997592568397522,0.009550214745104313,0.01975562982261181,2.048675362686936e-08,1666029770,866482632,-23.77634685988056,-24.743435177073195,12.83030038056264,0.7124094414558315,0.7016781655963508,0.014572506572523278,0.004061932510863859,1666029770,573473827,0,0,0,0,0,0,0,0,0,-25.0,-25.0,11.53625,1.0,0.0,0.0,0.0,1666029770,278295569,-0.5,-0.05602463842332654,0.0,0.001,1.012911742030525,0.001,0.0,-0.003828217169884438,-0.5,-0.01,7.875370667306765e-05,0.0,0.0,5.601856760118607e-05,-0.01,1666029770,279684848,-25.0,-30.0,11.53625,1666029770,298458858,-0.025,0.011536250000000001,1666029770,831121287
1666029771,372370126,-25.039869063783684,-100.0,12.700587219273551,1666029771,272355910,-25.039869063783684,-0.09401108867615449,12.700587219273551,1666029771,272355910,80.89881134033203,15.962217330932617,-235.13543701171875,0.99969482421875,0.009835363365709782,0.022659778594970703,-1.3035218238144353e-08,1666029771,359752882,-23.707295300759426,-24.745411400198066,12.794772435186466,0.7122943462145803,0.7018093951470203,0.014235618723831348,0.003738359285589094,1666029771,173361827,0,0,0,0,0,0,0,0,0,-25.0,-25.0,11.53625,1.0,0.0,0.0,0.0,1666029770,278295569,-0.5,-0.05602463842332654,0.0,0.001,1.012911742030525,0.001,0.0,-0.003828217169884438,-0.5,-0.01,7.875370667306765e-05,0.0,0.0,5.601856760118607e-05,-0.01,1666029770,279684848,-25.0,-30.0,11.53625,1666029770,298458858,-0.025,0.011536250000000001,1666029771,331099603
1666029771,872357993,-25.039869063783684,-100.0,12.700587219273551,1666029771,272355910,-25.039869063783684,-0.09401108867615449,12.700587219273551,1666029771,272355910,81.77944946289062,15.855998039245605,-229.44850158691406,0.9996844530105591,0.009884239174425602,0.023092269897460938,-1.3035353241264147e-08,1666029771,852871778,-24.1445746739971,-28.193979710712483,12.573319721501328,0.7138096494224855,0.7001650858306326,0.0177859079499729,0.0071433422153815655,1666029771,773485821,0,0,0,0,0,0,0,0,0,-25.0,-25.0,11.53625,1.0,0.0,0.0,0.0,1666029770,278295569,-0.5,-0.05602463842332654,0.0,0.001,1.012911742030525,0.001,0.0,-0.003828217169884438,-0.5,-0.01,7.875370667306765e-05,0.0,0.0,5.601856760118607e-05,-0.01,1666029770,279684848,-25.0,-30.0,11.53625,1666029770,298458858,-0.025,0.011536250000000001,1666029771,831040863
1666029772,372312552,-25.039869063783684,-100.0,12.700587219273551,1666029772,275004022,-25.039869063783684,-0.09401108867615449,12.700587219273551,1666029772,275004022,81.7059555053711,15.706055641174316,-230.1212158203125,0.9997465014457703,0.00927126593887806,0.020517587661743164,-1.4897661770874038e-08,1666029772,365601507,-23.272765813184535,-30.493313516229136,12.920198990646234,0.712315934834367,0.7017487802627487,0.015637664432564174,0.00509211710954118,1666029772,74223375,0,0,0,0,0,0,0,0,0,-25.0,-25.0,11.53625,1.0,0.0,0.0,0.0,1666029770,278295569,-0.5,-0.05602463842332654,0.0,0.001,1.012911742030525,0.001,0.0,-0.003828217169884438,-0.5,-0.01,7.875370667306765e-05,0.0,0.0,5.601856760118607e-05,-0.01,1666029770,279684848,-25.0,-30.0,11.53625,1666029770,298458858,-0.025,0.011536250000000001,1666029772,331028973
1666029772,872261936,-25.039869063783684,-100.0,12.700587219273551,1666029772,275004022,-25.039869063783684,-0.09401108867615449,12.700587219273551,1666029772,275004022,81.60369110107422,15.874750137329102,-230.03309631347656,0.9997194409370422,0.01013338565826416,0.021405549719929695,-2.4213903770942125e-08,1666029772,858951761,-23.31613158664851,-30.096951250540002,12.831977082141528,0.7123933873387107,0.7017099080899727,0.014573358667671192,0.004063020756451019,1666029772,673289357,0,0,0,0,0,0,0,0,0,-25.0,-30.0,11.53625,1.0,0.0,0.0,0.0,1666029772,670220844,-0.5,-0.062797626053618,0.0,0.001,1.028302646743985,0.001,0.0,0.0059577638114876146,-0.5,-0.01,-0.00017961084550983253,0.0,0.0,-0.00013158183651745416,-0.01,1666029772,671905992,-25.0,-35.0,11.53625,1666029772,686197063,-0.025,0.011536250000000001,1666029772,831070131
1666029773,372265122,-25.039869063783684,-100.0,12.700587219273551,1666029773,272409230,-25.039869063783684,-0.09401108867615449,12.700587219273551,1666029773,272409230,81.45218658447266,15.705183029174805,-230.20516967773438,0.9997103810310364,0.009224296547472477,0.02222326584160328,3.72636943524185e-09,1666029773,368540595,-23.397926312881324,-29.995232674433424,12.760812001142362,0.7127573380837269,0.7013153532026333,0.01485995988589205,0.004334077145129468,1666029773,279110308,0,0,0,0,0,0,0,0,0,-25.0,-30.0,11.53625,1.0,0.0,0.0,0.0,1666029772,670220844,-0.5,-0.062797626053618,0.0,0.001,1.028302646743985,0.001,0.0,0.0059577638114876146,-0.5,-0.01,-0.00017961084550983253,0.0,0.0,-0.00013158183651745416,-0.01,1666029772,671905992,-25.0,-35.0,11.53625,1666029772,686197063,-0.025,0.011536250000000001,1666029773,331016902
1666029773,872209245,-25.039869063783684,-100.0,12.700587219273551,1666029773,272409230,-25.039869063783684,-0.09401108867615449,12.700587219273551,1666029773,272409230,81.42655181884766,15.558555603027344,-229.2092742919922,0.9996896982192993,0.008413434028625488,0.023446083068847656,3.726446706764364e-09,1666029773,861037772,-23.383639741314056,-29.92795561006801,12.834307932802439,0.7124294979713192,0.7016602003204621,0.014587237652261605,0.004075856813140469,1666029773,573441882,0,0,0,0,0,0,0,0,0,-25.0,-30.0,11.53625,1.0,0.0,0.0,0.0,1666029772,670220844,-0.5,-0.062797626053618,0.0,0.001,1.028302646743985,0.001,0.0,0.0059577638114876146,-0.5,-0.01,-0.00017961084550983253,0.0,0.0,-0.00013158183651745416,-0.01,1666029772,671905992,-25.0,-35.0,11.53625,1666029772,686197063,-0.025,0.011536250000000001,1666029773,831039481
1666029774,372380321,-25.039869063783684,-100.0,12.700587219273551,1666029774,272345435,-25.039869063783684,-0.09401108867615449,12.700587219273551,1666029774,272345435,82.15486145019531,15.606340408325195,-224.5846405029297,0.9996778964996338,0.009453356266021729,0.023553311824798584,2.4214910965270064e-08,1666029774,355069556,-23.574410152070314,-33.00358777754872,12.650060772945587,0.7134497794015024,0.7005458582846465,0.017459165230724806,0.006833434598676701,1666029774,173353901,0,0,0,0,0,0,0,0,0,-25.0,-30.0,11.53625,1.0,0.0,0.0,0.0,1666029772,670220844,-0.5,-0.062797626053618,0.0,0.001,1.028302646743985,0.001,0.0,0.0059577638114876146,-0.5,-0.01,-0.00017961084550983253,0.0,0.0,-0.00013158183651745416,-0.01,1666029772,671905992,-25.0,-35.0,11.53625,1666029772,686197063,-0.025,0.011536250000000001,1666029774,330965200
1666029774,872326522,-25.039869063783684,-100.0,12.700587219273551,1666029774,272345435,-25.039869063783684,-0.09401108867615449,12.700587219273551,1666029774,272345435,82.09561157226562,15.595348358154297,-225.41998291015625,0.9997329115867615,0.009793341159820557,0.020930232480168343,3.726285502381188e-09,1666029774,863892476,-23.05925514575698,-34.65011209475591,12.919384128938653,0.7121353285142339,0.701938466098997,0.015358359894227697,0.0048252070205776695,1666029774,774497047,0,0,0,0,0,0,0,0,0,-25.0,-30.0,11.53625,1.0,0.0,0.0,0.0,1666029772,670220844,-0.5,-0.062797626053618,0.0,0.001,1.028302646743985,0.001,0.0,0.0059577638114876146,-0.5,-0.01,-0.00017961084550983253,0.0,0.0,-0.00013158183651745416,-0.01,1666029772,671905992,-25.0,-35.0,11.53625,1666029772,686197063,-0.025,0.011536250000000001,1666029774,830963951
1666029775,372231322,-25.039869063783684,-100.0,12.700587219273551,1666029775,272328903,-25.039869063783684,-0.09401108867615449,12.700587219273551,1666029775,272328903,81.9594955444336,15.724162101745605,-225.42555236816406,0.9997132420539856,0.010251879692077637,0.02164032869040966,-1.3042255275763637e-08,1666029775,360731728,-23.09091111550775,-34.65158617996099,12.862902802961692,0.712259804994251,0.7018313847173,0.014930031101459313,0.004409586056292655,1666029775,73387412,0,0,0,0,0,0,0,0,0,-25.0,-35.0,11.53625,1.0,0.0,0.0,0.0,1666029775,133371121,-0.5,-0.060380322509184514,0.0,0.001,0.9583186776208147,0.001,0.0,-0.002838945487602995,-0.5,-0.01,-4.854698960663601e-05,0.0,0.0,3.5390790559962e-05,-0.01,1666029775,134495579,-25.0,-40.0,11.53625,1666029775,156753789,-0.025,0.011536250000000001,1666029775,330998275
1666029775,872366065,-25.039869063783684,-100.0,12.700587219273551,1666029775,272328903,-25.039869063783684,-0.09401108867615449,12.700587219273551,1666029775,272328903,81.93138122558594,15.479872703552246,-225.5295867919922,0.9997180104255676,0.008953929878771305,0.02199217863380909,1.3042193103274258e-08,1666029775,853190332,-23.093248734765027,-34.65957728904647,12.800070866819205,0.712468048711839,0.7016204721229166,0.014730590183564884,0.004213710448737591,1666029775,678794654,0,0,0,0,0,0,0,0,0,-25.0,-35.0,11.53625,1.0,0.0,0.0,0.0,1666029775,133371121,-0.5,-0.060380322509184514,0.0,0.001,0.9583186776208147,0.001,0.0,-0.002838945487602995,-0.5,-0.01,-4.854698960663601e-05,0.0,0.0,3.5390790559962e-05,-0.01,1666029775,134495579,-25.0,-40.0,11.53625,1666029775,156753789,-0.025,0.011536250000000001,1666029775,830955302
1666029776,372328845,-25.039869063783684,-100.0,12.700587219273551,1666029776,273520947,-25.039869063783684,-0.09401108867615449,12.700587219273551,1666029776,273520947,81.8128662109375,15.126925468444824,-222.6986846923828,0.999620795249939,0.007579326629638672,0.02647271938621998,2.235294083163808e-08,1666029776,363048235,-23.145224689287815,-34.59213649442725,12.725060970231219,0.7127018751396034,0.7013675982730454,0.015129582743744686,0.004595352727933023,1666029776,273969532,0,0,0,0,0,0,0,0,0,-25.0,-35.0,11.53625,1.0,0.0,0.0,0.0,1666029775,133371121,-0.5,-0.060380322509184514,0.0,0.001,0.9583186776208147,0.001,0.0,-0.002838945487602995,-0.5,-0.01,-4.854698960663601e-05,0.0,0.0,3.5390790559962e-05,-0.01,1666029775,134495579,-25.0,-40.0,11.53625,1666029775,156753789,-0.025,0.011536250000000001,1666029776,330913266
1666029776,872286642,-25.039869063783684,-100.0,12.700587219273551,1666029776,273520947,-25.039869063783684,-0.09401108867615449,12.700587219273551,1666029776,273520947,82.51947021484375,15.441245079040527,-219.96566772460938,0.9996869564056396,0.010632217861711979,0.022648872807621956,-9.31614252408508e-09,1666029776,856452072,-23.322300402823714,-38.092824220366424,12.603045562900625,0.7132937021982337,0.7006844133724487,0.017987734118590424,0.0073463845033658794,1666029776,573339683,0,0,0,0,0,0,0,0,0,-25.0,-35.0,11.53625,1.0,0.0,0.0,0.0,1666029775,133371121,-0.5,-0.060380322509184514,0.0,0.001,0.9583186776208147,0.001,0.0,-0.002838945487602995,-0.5,-0.01,-4.854698960663601e-05,0.0,0.0,3.5390790559962e-05,-0.01,1666029775,134495579,-25.0,-40.0,11.53625,1666029775,156753789,-0.025,0.011536250000000001,1666029776,830952966
1666029777,372341538,-25.039869063783684,-100.0,12.700587219273551,1666029777,274621963,-25.039869063783684,-0.09401108867615449,12.700587219273551,1666029777,274621963,82.46304321289062,15.417187690734863,-220.13075256347656,0.9996991157531738,0.010237812995910645,0.0222932081669569,2.0487986418515902e-08,1666029777,365636615,-22.591221513514668,-40.0223791427901,12.799147928196767,0.7121845292232384,0.7018952447786957,0.015506233073601893,0.004967260178966792,1666029777,173465244,0,0,0,0,0,0,0,0,0,-25.0,-35.0,11.53625,1.0,0.0,0.0,0.0,1666029775,133371121,-0.5,-0.060380322509184514,0.0,0.001,0.9583186776208147,0.001,0.0,-0.002838945487602995,-0.5,-0.01,-4.854698960663601e-05,0.0,0.0,3.5390790559962e-05,-0.01,1666029775,134495579,-25.0,-40.0,11.53625,1666029775,156753789,-0.025,0.011536250000000001,1666029777,330877798
1666029777,872237642,-25.039869063783684,-100.0,12.700587219273551,1666029777,274621963,-25.039869063783684,-0.09401108867615449,12.700587219273551,1666029777,274621963,82.49330139160156,15.467256546020508,-220.1200408935547,0.9997087121009827,0.010292292572557926,0.021831005811691284,-2.048778746654989e-08,1666029777,863167320,-22.663871044161567,-39.95946387586622,12.818322191419064,0.7120144134530857,0.7020667099324983,0.01532656496799141,0.004796402542320156,1666029777,773442243,0,0,0,0,0,0,0,0,0,-25.0,-40.0,11.53625,1.0,0.0,0.0,0.0,1666029777,493124791,-0.5,-0.06979945296481298,0.0,0.001,1.0319308393412145,0.001,0.0,0.004853084271922581,-0.5,-0.01,-0.0001930782949367347,0.0,0.0,8.977825922211835e-05,-0.01,1666029777,493919542,-25.0,-45.0,11.53625,1666029777,520638948,-0.025,0.011536250000000001,1666029777,830839220
1666029778,372358309,-25.039869063783684,-100.0,12.700587219273551,1666029778,272284215,-25.039869063783684,-0.09401108867615449,12.700587219273551,1666029778,272284215,82.45091247558594,15.298922538757324,-220.19886779785156,0.9997045397758484,0.00938558578491211,0.02242252230644226,-3.726391195613132e-09,1666029778,353435930,-22.681577101671436,-39.94678937986191,12.841799581677328,0.7120448709389252,0.7020350095797327,0.015153035621907854,0.004628328370125685,1666029778,73526471,0,0,0,0,0,0,0,0,0,-25.0,-40.0,11.53625,1.0,0.0,0.0,0.0,1666029777,493124791,-0.5,-0.06979945296481298,0.0,0.001,1.0319308393412145,0.001,0.0,0.004853084271922581,-0.5,-0.01,-0.0001930782949367347,0.0,0.0,8.977825922211835e-05,-0.01,1666029777,493919542,-25.0,-45.0,11.53625,1666029777,520638948,-0.025,0.011536250000000001,1666029778,330846884
1666029778,872350581,-25.039869063783684,-100.0,12.700587219273551,1666029778,272284215,-25.039869063783684,-0.09401108867615449,12.700587219273551,1666029778,272284215,83.04454040527344,15.132712364196777,-215.26284790039062,0.9996730089187622,0.009405791759490967,0.023780999705195427,-7.445739580447253e-09,1666029778,868834716,-22.714033080098346,-40.02768068311775,12.70305695138834,0.7125776835003809,0.7014835992049429,0.015489134813298857,0.004944541967820329,1666029778,678477233,0,0,0,0,0,0,0,0,0,-25.0,-40.0,11.53625,1.0,0.0,0.0,0.0,1666029777,493124791,-0.5,-0.06979945296481298,0.0,0.001,1.0319308393412145,0.001,0.0,0.004853084271922581,-0.5,-0.01,-0.0001930782949367347,0.0,0.0,8.977825922211835e-05,-0.01,1666029777,493919542,-25.0,-45.0,11.53625,1666029777,520638948,-0.025,0.011536250000000001,1666029778,830807022
1666029779,372311938,-25.039869063783684,-100.0,12.700587219273551,1666029779,272341913,-25.039869063783684,-0.09401108867615449,12.700587219273551,1666029779,272341913,82.633056640625,15.246122360229492,-215.88685607910156,0.9996602535247803,0.010248781181871891,0.023964911699295044,1.8632782428085193e-08,1666029779,356895277,-22.099700602833437,-44.62007173097584,12.834456913885596,0.7118226835196547,0.7022565069830061,0.01563631788495733,0.00509855680269183,1666029779,273330127,0,0,0,0,0,0,0,0,0,-25.0,-40.0,11.53625,1.0,0.0,0.0,0.0,1666029777,493124791,-0.5,-0.06979945296481298,0.0,0.001,1.0319308393412145,0.001,0.0,0.004853084271922581,-0.5,-0.01,-0.0001930782949367347,0.0,0.0,8.977825922211835e-05,-0.01,1666029777,493919542,-25.0,-45.0,11.53625,1666029777,520638948,-0.025,0.011536250000000001,1666029779,330845683
1666029779,872300790,-25.039869063783684,-100.0,12.700587219273551,1666029779,272341913,-25.039869063783684,-0.09401108867615449,12.700587219273551,1666029779,272341913,82.96675872802734,15.201510429382324,-215.97308349609375,0.9997076392173767,0.010027825832366943,0.02200120873749256,-1.3042328994572472e-08,1666029779,852600749,-22.447419580643654,-44.19132564551677,12.79076945348259,0.7119883179430047,0.7020697854120277,0.016034713591545152,0.005480725883812151,1666029779,573436695,0,0,0,0,0,0,0,0,0,-25.0,-45.0,11.53625,1.0,0.0,0.0,0.0,1666029779,790004320,-0.5,-0.05941736798345727,0.0,0.001,0.9048226221198875,0.001,0.0,0.0052291997345498805,-0.5,-0.01,-0.00029087683279401845,0.0,0.0,5.086166154857569e-05,-0.01,1666029779,791182839,-25.0,-50.0,11.53625,1666029779,812822461,-0.025,0.011536250000000001,1666029779,830752301
1666029780,372267781,-25.039869063783684,-100.0,12.700587219273551,1666029780,277102388,-25.039869063783684,-0.09401108867615449,12.700587219273551,1666029780,277102388,82.90990447998047,15.24379825592041,-215.90281677246094,0.9997007846832275,0.010263144969940186,0.022205889225006104,2.60775596672147e-08,1666029780,371662990,-22.333978771446397,-44.180738900106405,12.783833165292556,0.7119613582331568,0.7021163207523532,0.015538195078488484,0.005001617758279729,1666029780,176232196,0,0,0,0,0,0,0,0,0,-25.0,-45.0,11.53625,1.0,0.0,0.0,0.0,1666029779,790004320,-0.5,-0.05941736798345727,0.0,0.001,0.9048226221198875,0.001,0.0,0.0052291997345498805,-0.5,-0.01,-0.00029087683279401845,0.0,0.0,5.086166154857569e-05,-0.01,1666029779,791182839,-25.0,-50.0,11.53625,1666029779,812822461,-0.025,0.011536250000000001,1666029780,330788999
1666029780,872364543,-25.039869063783684,-100.0,12.700587219273551,1666029780,277102388,-25.039869063783684,-0.09401108867615449,12.700587219273551,1666029780,277102388,82.50375366210938,14.90145206451416,-215.6733856201172,0.9996501207351685,0.008436025120317936,0.025065602734684944,-1.6769673649719152e-08,1666029780,859744501,-22.30466836494547,-44.124954145508326,12.78646468461232,0.7118686945759086,0.7022140900087578,0.015271026890095215,0.004745059621172536,1666029780,773350422,0,0,0,0,0,0,0,0,0,-25.0,-45.0,11.53625,1.0,0.0,0.0,0.0,1666029779,790004320,-0.5,-0.05941736798345727,0.0,0.001,0.9048226221198875,0.001,0.0,0.0052291997345498805,-0.5,-0.01,-0.00029087683279401845,0.0,0.0,5.086166154857569e-05,-0.01,1666029779,791182839,-25.0,-50.0,11.53625,1666029779,812822461,-0.025,0.011536250000000001,1666029780,830763576
1666029781,372404437,-25.039869063783684,-100.0,12.700587219273551,1666029781,272419576,-25.039869063783684,-0.09401108867615449,12.700587219273551,1666029781,272419576,83.55171966552734,15.197503089904785,-209.43374633789062,0.9996702671051025,0.011435805819928646,0.022993264719843864,1.4906076373222277e-08,1666029781,352759392,-22.606263548533633,-44.79516410019761,12.55054023639699,0.7129901582960588,0.7010205190103469,0.01778789938760791,0.007158161738847124,1666029781,73565539,0,0,0,0,0,0,0,0,0,-25.0,-45.0,11.53625,1.0,0.0,0.0,0.0,1666029779,790004320,-0.5,-0.05941736798345727,0.0,0.001,0.9048226221198875,0.001,0.0,0.0052291997345498805,-0.5,-0.01,-0.00029087683279401845,0.0,0.0,5.086166154857569e-05,-0.01,1666029779,791182839,-25.0,-50.0,11.53625,1666029779,812822461,-0.025,0.011536250000000001,1666029781,330726118
1666029781,872222940,-25.039869063783684,-100.0,12.700587219273551,1666029781,272419576,-25.039869063783684,-0.09401108867615449,12.700587219273551,1666029781,272419576,83.21693420410156,15.027203559875488,-210.6695098876953,0.9996706247329712,0.010326268151402473,0.023495526984333992,2.2351828832256615e-08,1666029781,866903877,-21.829459065330965,-50.1593769240105,12.885403073059841,0.7113820369145459,0.7026860043630078,0.01587065075962275,0.00533181194157646,1666029781,674114785,0,0,0,0,0,0,0,0,0,-25.0,-45.0,11.53625,1.0,0.0,0.0,0.0,1666029779,790004320,-0.5,-0.05941736798345727,0.0,0.001,0.9048226221198875,0.001,0.0,0.0052291997345498805,-0.5,-0.01,-0.00029087683279401845,0.0,0.0,5.086166154857569e-05,-0.01,1666029779,791182839,-25.0,-50.0,11.53625,1666029779,812822461,-0.025,0.011536250000000001,1666029781,830718450
1666029782,372258734,-25.039869063783684,-100.0,12.700587219273551,1666029782,272285967,-25.039869063783684,-0.09401108867615449,12.700587219273551,1666029782,272285967,83.43516540527344,15.021392822265625,-210.6199951171875,0.9997054934501648,0.010250688530504704,0.021996619179844856,1.303507879413246e-08,1666029782,359148705,-21.966188775650608,-49.52147761715966,12.840356237139694,0.7115967041436169,0.7024833549521887,0.015593927099635758,0.0050611950619256895,1666029782,273277411,0,0,0,0,0,0,0,0,0,-25.0,-50.0,11.53625,1.0,0.0,0.0,0.0,1666029782,269512040,-0.5,-0.07513957288852731,0.0,0.001,1.0070106589974035,0.001,0.0,0.001184961947422362,-0.5,-0.01,-0.00010386194460336838,0.0,0.0,0.00012166131303290864,-0.01,1666029782,270664041,-25.0,-55.0,11.53625,1666029782,294589572,-0.025,0.011536250000000001,1666029782,330699227
1666029782,872352374,-25.039869063783684,-100.0,12.700587219273551,1666029782,272285967,-25.039869063783684,-0.09401108867615449,12.700587219273551,1666029782,272285967,83.36848449707031,15.003567695617676,-210.6857147216797,0.9996929168701172,0.010055184364318848,0.022650865837931633,-1.3042521729289547e-08,1666029782,853069045,-21.929658565515226,-49.49216273637731,12.76084878284528,0.7119724656962629,0.7021071363102706,0.015412915981017334,0.004880473600247874,1666029782,573489009,0,0,0,0,0,0,0,0,0,-25.0,-50.0,11.53625,1.0,0.0,0.0,0.0,1666029782,269512040,-0.5,-0.07513957288852731,0.0,0.001,1.0070106589974035,0.001,0.0,0.001184961947422362,-0.5,-0.01,-0.00010386194460336838,0.0,0.0,0.00012166131303290864,-0.01,1666029782,270664041,-25.0,-55.0,11.53625,1666029782,294589572,-0.025,0.011536250000000001,1666029782,830652790
1666029783,372329662,-25.039869063783684,-100.0,12.700587219273551,1666029783,272281288,-25.039869063783684,-0.09401108867615449,12.700587219273551,1666029783,272281288,83.22602844238281,14.961523056030273,-210.58917236328125,0.9996738433837891,0.010072648525238037,0.023470459505915642,-1.3042770419247063e-08,1666029783,366016082,-21.94966212746759,-49.528050133162225,12.75011749197109,0.7118610773614986,0.7022167407027424,0.0155815771656761,0.005045078739266224,1666029783,174885100,0,0,0,0,0,0,0,0,0,-25.0,-50.0,11.53625,1.0,0.0,0.0,0.0,1666029782,269512040,-0.5,-0.07513957288852731,0.0,0.001,1.0070106589974035,0.001,0.0,0.001184961947422362,-0.5,-0.01,-0.00010386194460336838,0.0,0.0,0.00012166131303290864,-0.01,1666029782,270664041,-25.0,-55.0,11.53625,1666029782,294589572,-0.025,0.011536250000000001,1666029783,330675646
1666029783,872371825,-25.039869063783684,-100.0,12.700587219273551,1666029783,272281288,-25.039869063783684,-0.09401108867615449,12.700587219273551,1666029783,272281288,83.98255157470703,15.052931785583496,-204.97129821777344,0.999680757522583,0.0115203857421875,0.02248665690422058,-1.3042679825048253e-08,1666029783,857871699,-22.17188823138831,-53.04182706272715,12.527244252635946,0.7130944118269582,0.7008960364100532,0.017611114536094787,0.006985770827910588,1666029783,773303861,0,0,0,0,0,0,0,0,0,-25.0,-50.0,11.53625,1.0,0.0,0.0,0.0,1666029782,269512040,-0.5,-0.07513957288852731,0.0,0.001,1.0070106589974035,0.001,0.0,0.001184961947422362,-0.5,-0.01,-0.00010386194460336838,0.0,0.0,0.00012166131303290864,-0.01,1666029782,270664041,-25.0,-55.0,11.53625,1666029782,294589572,-0.025,0.011536250000000001,1666029783,830678885
1666029784,372253300,-25.039869063783684,-100.0,12.700587219273551,1666029784,274109105,-25.039869063783684,-0.09401108867615449,12.700587219273551,1666029784,274109105,83.76731872558594,14.94841194152832,-206.01931762695312,0.9996856451034546,0.01095342542976141,0.022556304931640625,-1.4891290867069529e-08,1666029784,371839778,-21.482048933538863,-54.95379134111238,12.86781557389802,0.7114088620303773,0.7026681014571307,0.015560573653315568,0.005031907369517105,1666029784,73628072,0,0,0,0,0,0,0,0,0,-25.0,-50.0,11.53625,1.0,0.0,0.0,0.0,1666029782,269512040,-0.5,-0.07513957288852731,0.0,0.001,1.0070106589974035,0.001,0.0,0.001184961947422362,-0.5,-0.01,-0.00010386194460336838,0.0,0.0,0.00012166131303290864,-0.01,1666029782,270664041,-25.0,-55.0,11.53625,1666029782,294589572,-0.025,0.011536250000000001,1666029784,330625651
1666029784,872348020,-25.039869063783684,-100.0,12.700587219273551,1666029784,274109105,-25.039869063783684,-0.09401108867615449,12.700587219273551,1666029784,274109105,83.8503189086914,14.948086738586426,-206.06454467773438,0.9996862411499023,0.011115728877484798,0.022448599338531494,7.452919170702899e-09,1666029784,869460025,-21.62433940550065,-54.112488197277514,12.803629876606415,0.7115684255591875,0.7025098119525276,0.015610415111798392,0.0050775515521873545,1666029784,674740601,0,0,0,0,0,0,0,0,0,-25.0,-55.0,11.53625,1.0,0.0,0.0,0.0,1666029784,684727614,-0.5,-0.07895577918447641,0.0,0.001,0.9518821211206626,0.001,0.0,-0.0006118603645957653,-0.5,-0.01,0.00011910249998953057,0.0,0.0,9.558238056128322e-05,-0.01,1666029784,685430093,-25.0,-60.0,11.53625,1666029784,707332345,-0.025,0.011536250000000001,1666029784,830589048
1666029785,372246636,-25.039869063783684,-100.0,12.700587219273551,1666029785,272305282,-25.039869063783684,-0.09401108867615449,12.700587219273551,1666029785,272305282,83.76034545898438,14.867132186889648,-206.0016632080078,0.9996815919876099,0.010586738586425781,0.022905973717570305,-1.8625106790182144e-08,1666029785,362066918,-21.594205692557836,-54.060420370646796,12.807775673589468,0.7114193411028752,0.7026579528766695,0.015692539355755417,0.00515919549838819,1666029785,273338294,0,0,0,0,0,0,0,0,0,-25.0,-55.0,11.53625,1.0,0.0,0.0,0.0,1666029784,684727614,-0.5,-0.07895577918447641,0.0,0.001,0.9518821211206626,0.001,0.0,-0.0006118603645957653,-0.5,-0.01,0.00011910249998953057,0.0,0.0,9.558238056128322e-05,-0.01,1666029784,685430093,-25.0,-60.0,11.53625,1666029784,707332345,-0.025,0.011536250000000001,1666029785,330661062
1666029785,872241004,-25.039869063783684,-100.0,12.700587219273551,1666029785,272305282,-25.039869063783684,-0.09401108867615449,12.700587219273551,1666029785,272305282,83.47354125976562,14.57675552368164,-203.9191131591797,0.999588668346405,0.009202600456774235,0.027164099738001823,1.4907293177657266e-08,1666029785,870759316,-21.560855168723393,-54.08304978453174,12.714006211706511,0.7118590297396546,0.7022182803890654,0.015490120384233986,0.004956810002415534,1666029785,573528831,0,0,0,0,0,0,0,0,0,-25.0,-55.0,11.53625,1.0,0.0,0.0,0.0,1666029784,684727614,-0.5,-0.07895577918447641,0.0,0.001,0.9518821211206626,0.001,0.0,-0.0006118603645957653,-0.5,-0.01,0.00011910249998953057,0.0,0.0,9.558238056128322e-05,-0.01,1666029784,685430093,-25.0,-60.0,11.53625,1666029784,707332345,-0.025,0.011536250000000001,1666029785,830549277
1666029786,372333328,-25.039869063783684,-100.0,12.700587219273551,1666029786,273348494,-25.039869063783684,-0.09401108867615449,12.700587219273551,1666029786,273348494,84.64006042480469,14.819091796875,-200.0582275390625,0.9996955394744873,0.011648654006421566,0.021754980087280273,-1.8632124731965405e-09,1666029786,363057237,-21.75344817823094,-58.411148267722695,12.584470554061078,0.712576103467953,0.7013903690832671,0.01841932091320828,0.007774461683903881,1666029786,173328482,0,0,0,0,0,0,0,0,0,-25.0,-55.0,11.53625,1.0,0.0,0.0,0.0,1666029784,684727614,-0.5,-0.07895577918447641,0.0,0.001,0.9518821211206626,0.001,0.0,-0.0006118603645957653,-0.5,-0.01,0.00011910249998953057,0.0,0.0,9.558238056128322e-05,-0.01,1666029784,685430093,-25.0,-60.0,11.53625,1666029784,707332345,-0.025,0.011536250000000001,1666029786,330558800
1666029786,872232719,-25.039869063783684,-100.0,12.700587219273551,1666029786,273348494,-25.039869063783684,-0.09401108867615449,12.700587219273551,1666029786,273348494,84.1656723022461,14.66072940826416,-200.81190490722656,0.9996545314788818,0.01062166690826416,0.024040253832936287,1.1165176339034133e-08,1666029786,855008272,-21.118651161338448,-59.44293084274395,12.724716154099234,0.7116685734460194,0.7024019377497952,0.015782539558742613,0.005242207036967634,1666029786,773483145,0,0,0,0,0,0,0,0,0,-25.0,-55.0,11.53625,1.0,0.0,0.0,0.0,1666029784,684727614,-0.5,-0.07895577918447641,0.0,0.001,0.9518821211206626,0.001,0.0,-0.0006118603645957653,-0.5,-0.01,0.00011910249998953057,0.0,0.0,9.558238056128322e-05,-0.01,1666029784,685430093,-25.0,-60.0,11.53625,1666029784,707332345,-0.025,0.011536250000000001,1666029786,830529858
1666029787,372286085,-25.039869063783684,-100.0,12.700587219273551,1666029787,273798537,-25.039869063783684,-0.09401108867615449,12.700587219273551,1666029787,273798537,84.15910339355469,14.68675422668457,-200.75579833984375,0.9996547698974609,0.010789275169372559,0.023956745862960815,-1.3043019109204579e-08,1666029787,371322350,-21.224438137838703,-59.35221543442839,12.713370011908516,0.7116946563297016,0.7023586364026178,0.016121536636405108,0.005569186325426459,1666029787,73533415,0,0,0,0,0,0,0,0,0,-25.0,-60.0,11.53625,1.0,0.0,0.0,0.0,1666029787,133136595,-0.5,-0.07962168751059306,0.0,0.001,1.0143232832193478,0.001,0.0,0.011519631282633055,-0.5,-0.01,-0.00014312487041153685,0.0,0.0,-1.610069560928889e-05,-0.01,1666029787,134729377,-25.0,-65.0,11.53625,1666029787,154411043,-0.025,0.011536250000000001,1666029787,330513896
1666029787,872222853,-25.039869063783684,-100.0,12.700587219273551,1666029787,273798537,-25.039869063783684,-0.09401108867615449,12.700587219273551,1666029787,273798537,84.2199935913086,14.755008697509766,-200.7640838623047,0.9996618032455444,0.011206270195543766,0.023467987775802612,1.1179651870918406e-08,1666029787,863545970,-21.308392331406978,-59.37192139555495,12.740974533974331,0.7115747624789835,0.7024795333821353,0.01640437587594598,0.005844216096462821,1666029787,673534402,0,0,0,0,0,0,0,0,0,-25.0,-60.0,11.53625,1.0,0.0,0.0,0.0,1666029787,133136595,-0.5,-0.07962168751059306,0.0,0.001,1.0143232832193478,0.001,0.0,0.011519631282633055,-0.5,-0.01,-0.00014312487041153685,0.0,0.0,-1.610069560928889e-05,-0.01,1666029787,134729377,-25.0,-65.0,11.53625,1666029787,154411043,-0.025,0.011536250000000001,1666029787,830498500
1666029788,372359948,-25.039869063783684,-100.0,12.700587219273551,1666029788,272486665,-25.039869063783684,-0.09401108867615449,12.700587219273551,1666029788,272486665,83.99654388427734,14.419740676879883,-199.86502075195312,0.9996129870414734,0.009416699409484863,0.026178808882832527,7.453465400431014e-09,1666029788,356134986,-21.2331614515155,-59.34647386343005,12.718167564744611,0.7115889806245925,0.7024737389672574,0.016088571880207615,0.005538996234607997,1666029788,273699514,0,0,0,0,0,0,0,0,0,-25.0,-60.0,11.53625,1.0,0.0,0.0,0.0,1666029787,133136595,-0.5,-0.07962168751059306,0.0,0.001,1.0143232832193478,0.001,0.0,0.011519631282633055,-0.5,-0.01,-0.00014312487041153685,0.0,0.0,-1.610069560928889e-05,-0.01,1666029787,134729377,-25.0,-65.0,11.53625,1666029787,154411043,-0.025,0.011536250000000001,1666029788,330473898
1666029788,872248052,-25.039869063783684,-100.0,12.700587219273551,1666029788,272486665,-25.039869063783684,-0.09401108867615449,12.700587219273551,1666029788,272486665,84.68841552734375,14.594074249267578,-195.47605895996094,0.9996408224105835,0.011246563866734505,0.0243225134909153,-1.8618587560581545e-08,1666029788,870142203,-21.31003235885312,-60.64549167540508,12.546533276444016,0.7121269765497699,0.7018818609586992,0.017940073256853428,0.0073187055957126025,1666029788,573445698,0,0,0,0,0,0,0,0,0,-25.0,-60.0,11.53625,1.0,0.0,0.0,0.0,1666029787,133136595,-0.5,-0.07962168751059306,0.0,0.001,1.0143232832193478,0.001,0.0,0.011519631282633055,-0.5,-0.01,-0.00014312487041153685,0.0,0.0,-1.610069560928889e-05,-0.01,1666029787,134729377,-25.0,-65.0,11.53625,1666029787,154411043,-0.025,0.011536250000000001,1666029788,830468932
1666029789,372338230,-25.039869063783684,-100.0,12.700587219273551,1666029789,272394012,-25.039869063783684,-0.09401108867615449,12.700587219273551,1666029789,272394012,84.68928527832031,14.604866027832031,-196.4678955078125,0.9996596574783325,0.011516689322888851,0.023409156128764153,-1.8618235841927344e-08,1666029789,362250745,-20.8265686635351,-64.39156470365663,12.815860402975424,0.711220988843561,0.7028367333016426,0.016398559147695068,0.005844189909827321,1666029789,173386701,0,0,0,0,0,0,0,0,0,-25.0,-60.0,11.53625,1.0,0.0,0.0,0.0,1666029787,133136595,-0.5,-0.07962168751059306,0.0,0.001,1.0143232832193478,0.001,0.0,0.011519631282633055,-0.5,-0.01,-0.00014312487041153685,0.0,0.0,-1.610069560928889e-05,-0.01,1666029787,134729377,-25.0,-65.0,11.53625,1666029787,154411043,-0.025,0.011536250000000001,1666029789,330497395
1666029789,872199731,-25.039869063783684,-100.0,12.700587219273551,1666029789,272394012,-25.039869063783684,-0.09401108867615449,12.700587219273551,1666029789,272394012,84.55924987792969,14.547687530517578,-196.5940704345703,0.9996438026428223,0.011174440383911133,0.024235637858510017,-1.3028604861631266e-08,1666029789,853669615,-20.901658193266755,-63.599127488756096,12.757140309800057,0.7112876099078491,0.7027693539633441,0.016272341747275917,0.005721213425624549,1666029789,773301752,0,0,0,0,0,0,0,0,0,-25.0,-65.0,11.53625,1.0,0.0,0.0,0.0,1666029789,861177306,-0.5,-0.06982898342345256,0.0,0.001,0.9071117161936624,0.001,0.0,-0.0016582677764516562,-0.5,-0.01,-0.000104598141803507,0.0,0.0,0.00014510188851061737,-0.01,1666029789,862524710,-25.0,-65.0,11.53625,1666029787,154411043,-0.025,0.011536250000000001,1666029789,830421020
1666029790,372371085,-25.039869063783684,-100.0,12.700587219273551,1666029790,277646162,-25.039869063783684,-0.09401108867615449,12.700587219273551,1666029790,277646162,84.5962905883789,14.480995178222656,-196.5980987548828,0.9996570348739624,0.010769128799438477,0.02387082576751709,-1.3042988911138309e-08,1666029790,366835604,-20.91854797628625,-63.550540349624555,12.755871681753483,0.7112438302115267,0.7028048613189735,0.016476276542420974,0.005918859715802268,1666029790,73552751,0,0,0,0,0,0,0,0,0,-25.0,-65.0,11.53625,1.0,0.0,0.0,0.0,1666029789,861177306,-0.5,-0.06982898342345256,0.0,0.001,0.9071117161936624,0.001,0.0,-0.0016582677764516562,-0.5,-0.01,-0.000104598141803507,0.0,0.0,0.00014510188851061737,-0.01,1666029789,862524710,-25.0,-70.0,11.53625,1666029789,884487566,-0.025,0.011536250000000001,1666029790,330418178
1666029790,872207864,-25.039869063783684,-100.0,12.700587219273551,1666029790,277646162,-25.039869063783684,-0.09401108867615449,12.700587219273551,1666029790,277646162,84.50299835205078,14.511031150817871,-196.58059692382812,0.9996362924575806,0.010950923897325993,0.02464163489639759,2.420864042562698e-08,1666029790,860585325,-20.941454607933025,-63.55050167349262,12.685865166778719,0.7115273292685653,0.7025235114124614,0.01644812538822556,0.0058872220219254486,1666029790,673330396,0,0,0,0,0,0,0,0,0,-25.0,-65.0,11.53625,1.0,0.0,0.0,0.0,1666029789,861177306,-0.5,-0.06982898342345256,0.0,0.001,0.9071117161936624,0.001,0.0,-0.0016582677764516562,-0.5,-0.01,-0.000104598141803507,0.0,0.0,0.00014510188851061737,-0.01,1666029789,862524710,-25.0,-70.0,11.53625,1666029789,884487566,-0.025,0.011536250000000001,1666029790,830430141
1666029791,372364484,-25.039869063783684,-100.0,12.700587219273551,1666029791,272436571,-25.039869063783684,-0.09401108867615449,12.700587219273551,1666029791,272436571,85.18413543701172,14.272446632385254,-190.11756896972656,0.9996548891067505,0.010349689982831478,0.024146853014826775,-1.86328819040682e-09,1666029791,352106330,-21.10298435447814,-66.5541446388381,12.574223892734572,0.7123478817773804,0.7016460223025599,0.018080523048211648,0.007450835560098956,1666029791,273510160,0,0,0,0,0,0,0,0,0,-25.0,-65.0,11.53625,1.0,0.0,0.0,0.0,1666029789,861177306,-0.5,-0.06982898342345256,0.0,0.001,0.9071117161936624,0.001,0.0,-0.0016582677764516562,-0.5,-0.01,-0.000104598141803507,0.0,0.0,0.00014510188851061737,-0.01,1666029789,862524710,-25.0,-70.0,11.53625,1666029789,884487566,-0.025,0.011536250000000001,1666029791,330350472
1666029791,872311194,-25.039869063783684,-100.0,12.700587219273551,1666029791,272436571,-25.039869063783684,-0.09401108867615449,12.700587219273551,1666029791,272436571,85.1429214477539,14.375682830810547,-190.96421813964844,0.9996476173400879,0.011523544788360596,0.023913800716400146,2.6086224735877295e-08,1666029791,871146933,-20.4403125995413,-70.14412834611551,12.766794839883822,0.711554417508051,0.7024958407466273,0.01645064909542593,0.0058892592913597636,1666029791,573607982,0,0,0,0,0,0,0,0,0,-25.0,-65.0,11.53625,1.0,0.0,0.0,0.0,1666029789,861177306,-0.5,-0.06982898342345256,0.0,0.001,0.9071117161936624,0.001,0.0,-0.0016582677764516562,-0.5,-0.01,-0.000104598141803507,0.0,0.0,0.00014510188851061737,-0.01,1666029789,862524710,-25.0,-70.0,11.53625,1666029789,884487566,-0.025,0.011536250000000001,1666029791,830341643
1666029792,372350567,-25.039869063783684,-100.0,12.700587219273551,1666029792,272316581,-25.039869063783684,-0.09401108867615449,12.700587219273551,1666029792,272316581,85.05057525634766,14.35698127746582,-191.1354522705078,0.9996393918991089,0.011357247829437256,0.0243341326713562,1.6769853061759932e-08,1666029792,363798421,-20.475214615994517,-69.06099566671867,12.75849023168795,0.7110247297004535,0.7030435944168845,0.01623506545287669,0.005689356409110087,1666029792,174278399,0,0,0,0,0,0,0,0,0,-25.0,-65.0,11.53625,1.0,0.0,0.0,0.0,1666029789,861177306,-0.5,-0.06982898342345256,0.0,0.001,0.9071117161936624,0.001,0.0,-0.0016582677764516562,-0.5,-0.01,-0.000104598141803507,0.0,0.0,0.00014510188851061737,-0.01,1666029789,862524710,-25.0,-70.0,11.53625,1666029789,884487566,-0.025,0.011536250000000001,1666029792,330377627
1666029792,872194406,-25.039869063783684,-100.0,12.700587219273551,1666029792,272316581,-25.039869063783684,-0.09401108867615449,12.700587219273551,1666029792,272316581,85.15288543701172,14.410736083984375,-191.15591430664062,0.9996501207351685,0.011681439355015755,0.023728135973215103,1.3028522261038233e-08,1666029792,871248313,-20.568030885976,-68.97005001898196,12.723722287240612,0.7112524537857895,0.7027897939841194,0.016827871568593455,0.00625828680181708,1666029792,773513862,0,0,0,0,0,0,0,0,0,-25.0,-70.0,11.53625,1.0,0.0,0.0,0.0,1666029792,516974600,-0.5,-0.07871975599629664,0.0,0.001,1.024440386241577,0.001,0.0,0.0036199601317175685,-0.5,-0.01,-3.731170815919029e-05,0.0,0.0,5.950240278544093e-05,-0.01,1666029792,518266432,-25.0,-75.0,11.53625,1666029792,540708479,-0.025,0.011536250000000001,1666029792,830326604
1666029793,372305564,-25.039869063783684,-100.0,12.700587219273551,1666029793,272972993,-25.039869063783684,-0.09401108867615449,12.700587219273551,1666029793,272972993,85.02664947509766,14.31088924407959,-191.15957641601562,0.9996410608291626,0.011144997552037239,0.024359706789255142,-7.43869854602508e-09,1666029793,364609116,-20.480372558225525,-68.99352996251378,12.762149262269695,0.7110258607188521,0.7030335585517794,0.0163805898042851,0.005829899369571548,1666029793,78034278,0,0,0,0,0,0,0,0,0,-25.0,-70.0,11.53625,1.0,0.0,0.0,0.0,1666029792,516974600,-0.5,-0.07871975599629664,0.0,0.001,1.024440386241577,0.001,0.0,0.0036199601317175685,-0.5,-0.01,-3.731170815919029e-05,0.0,0.0,5.950240278544093e-05,-0.01,1666029792,518266432,-25.0,-75.0,11.53625,1666029792,540708479,-0.025,0.011536250000000001,1666029793,330280951
1666029793,872412242,-25.039869063783684,-100.0,12.700587219273551,1666029793,272972993,-25.039869063783684,-0.09401108867615449,12.700587219273551,1666029793,272972993,84.93515014648438,14.176023483276367,-190.77899169921875,0.9996199607849121,0.010144234634935856,0.025632712990045547,5.590059970472794e-09,1666029793,856521095,-20.510032519510474,-68.98057373078731,12.719207943568144,0.7112240509914374,0.702828279669582,0.016411879739758897,0.005856994584199719,1666029793,673422324,0,0,0,0,0,0,0,0,0,-25.0,-70.0,11.53625,1.0,0.0,0.0,0.0,1666029792,516974600,-0.5,-0.07871975599629664,0.0,0.001,1.024440386241577,0.001,0.0,0.0036199601317175685,-0.5,-0.01,-3.731170815919029e-05,0.0,0.0,5.950240278544093e-05,-0.01,1666029792,518266432,-25.0,-75.0,11.53625,1666029792,540708479,-0.025,0.011536250000000001,1666029793,830307097
1666029794,372376570,-25.039869063783684,-100.0,12.700587219273551,1666029794,272419809,-25.039869063783684,-0.09401108867615449,12.700587219273551,1666029794,272419809,85.77435302734375,14.257875442504883,-184.98533630371094,0.9996660947799683,0.011363983154296875,0.023207545280456543,-9.316336146980575e-09,1666029794,352548557,-20.474049595806946,-73.05674529056918,12.622847079165929,0.7123851855437499,0.7016193205158214,0.017639163530352765,0.0070240269737698695,1666029794,273539958,0,0,0,0,0,0,0,0,0,-25.0,-70.0,11.53625,1.0,0.0,0.0,0.0,1666029792,516974600,-0.5,-0.07871975599629664,0.0,0.001,1.024440386241577,0.001,0.0,0.0036199601317175685,-0.5,-0.01,-3.731170815919029e-05,0.0,0.0,5.950240278544093e-05,-0.01,1666029792,518266432,-25.0,-75.0,11.53625,1666029792,540708479,-0.025,0.011536250000000001,1666029794,330236250
1666029794,872340734,-25.039869063783684,-100.0,12.700587219273551,1666029794,272419809,-25.039869063783684,-0.09401108867615449,12.700587219273551,1666029794,272419809,85.50643920898438,14.215972900390625,-186.3814697265625,0.9996300935745239,0.011863233521580696,0.024470718577504158,1.8633343756846443e-09,1666029794,860428574,-19.99655759343436,-74.90602826259641,12.841641670166375,0.7108533837961758,0.7032214290835905,0.016215571686011714,0.005673229126360266,1666029794,575579264,0,0,0,0,0,0,0,0,0,-25.0,-70.0,11.53625,1.0,0.0,0.0,0.0,1666029792,516974600,-0.5,-0.07871975599629664,0.0,0.001,1.024440386241577,0.001,0.0,0.0036199601317175685,-0.5,-0.01,-3.731170815919029e-05,0.0,0.0,5.950240278544093e-05,-0.01,1666029792,518266432,-25.0,-75.0,11.53625,1666029792,540708479,-0.025,0.011536250000000001,1666029794,830292168
1666029795,372281253,-25.039869063783684,-100.0,12.700587219273551,1666029795,272333207,-25.039869063783684,-0.09401108867615449,12.700587219273551,1666029795,272333207,85.46941375732422,14.16329288482666,-186.40567016601562,0.999632716178894,0.011501194909214973,0.024537894874811172,2.794994280463925e-08,1666029795,357169954,-20.197670222029544,-73.78962466307036,12.760430328977883,0.7107715173063011,0.7032749691258177,0.016858224878938417,0.00629517905844508,1666029795,173564162,0,0,0,0,0,0,0,0,0,-25.0,-75.0,11.53625,1.0,0.0,0.0,0.0,1666029795,362394955,-0.5,-0.06479073906165457,0.0,0.001,0.9763674822688404,0.001,0.0,-0.003361070300423683,-0.5,-0.01,-0.0002241638475781838,0.0,0.0,0.00020155879725008833,-0.01,1666029795,363798319,-25.0,-75.0,11.53625,1666029792,540708479,-0.025,0.011536250000000001,1666029795,330267429
1666029795,872276336,-25.039869063783684,-100.0,12.700587219273551,1666029795,272333207,-25.039869063783684,-0.09401108867615449,12.700587219273551,1666029795,272333207,85.44750213623047,14.181221961975098,-186.4203338623047,0.9996293783187866,0.011644365265965462,0.02460375428199768,-1.675546457136079e-08,1666029795,869592032,-20.230149358478386,-73.72591310627425,12.757100287761581,0.710814908193865,0.7032336918437919,0.016959948561192543,0.006392751655976402,1666029795,773793326,0,0,0,0,0,0,0,0,0,-25.0,-75.0,11.53625,1.0,0.0,0.0,0.0,1666029795,362394955,-0.5,-0.06479073906165457,0.0,0.001,0.9763674822688404,0.001,0.0,-0.003361070300423683,-0.5,-0.01,-0.0002241638475781838,0.0,0.0,0.00020155879725008833,-0.01,1666029795,363798319,-25.0,-80.0,11.53625,1666029795,385136170,-0.025,0.011536250000000001,1666029795,830254064
1666029796,372316202,-25.039869063783684,-100.0,12.700587219273551,1666029796,272407365,-25.039869063783684,-0.09401108867615449,12.700587219273551,1666029796,272407365,85.54566192626953,14.223669052124023,-186.40538024902344,0.9996381998062134,0.012003780342638493,0.02406943030655384,-7.438719862307153e-09,1666029796,360747909,-20.16947413085586,-73.73216693289058,12.714254810940382,0.7109816208764914,0.7030728970573231,0.016764984158969928,0.00620180471720852,1666029796,73369636,0,0,0,0,0,0,0,0,0,-25.0,-75.0,11.53625,1.0,0.0,0.0,0.0,1666029795,362394955,-0.5,-0.06479073906165457,0.0,0.001,0.9763674822688404,0.001,0.0,-0.003361070300423683,-0.5,-0.01,-0.0002241638475781838,0.0,0.0,0.00020155879725008833,-0.01,1666029795,363798319,-25.0,-80.0,11.53625,1666029795,385136170,-0.025,0.011536250000000001,1666029796,330248114
1666029796,872220204,-25.039869063783684,-100.0,12.700587219273551,1666029796,272407365,-25.039869063783684,-0.09401108867615449,12.700587219273551,1666029796,272407365,86.04582977294922,14.014615058898926,-179.68338012695312,0.9996495246887207,0.010591866448521614,0.02425849810242653,0.0,1666029796,868344420,-20.213735586655048,-74.17002881090693,12.71731777007458,0.7111830908765423,0.7028549514269384,0.017090494705878888,0.00651301700413278,1666029796,677606159,0,0,0,0,0,0,0,0,0,-25.0,-75.0,11.53625,1.0,0.0,0.0,0.0,1666029795,362394955,-0.5,-0.06479073906165457,0.0,0.001,0.9763674822688404,0.001,0.0,-0.003361070300423683,-0.5,-0.01,-0.0002241638475781838,0.0,0.0,0.00020155879725008833,-0.01,1666029795,363798319,-25.0,-80.0,11.53625,1666029795,385136170,-0.025,0.011536250000000001,1666029796,830170111
1666029797,372287996,-25.039869063783684,-100.0,12.700587219273551,1666029797,272394992,-25.039869063783684,-0.09401108867615449,12.700587219273551,1666029797,272394992,86.03665924072266,14.013300895690918,-180.83053588867188,0.9996204376220703,0.011975705623626709,0.024810612201690674,1.3028909506829223e-08,1666029797,366837042,-19.58173543440104,-80.49827454965373,12.854716269538152,0.7104884418085287,0.7035909232502799,0.01643047082416606,0.005886526027599525,1666029797,273377438,0,0,0,0,0,0,0,0,0,-25.0,-75.0,11.53625,1.0,0.0,0.0,0.0,1666029795,362394955,-0.5,-0.06479073906165457,0.0,0.001,0.9763674822688404,0.001,0.0,-0.003361070300423683,-0.5,-0.01,-0.0002241638475781838,0.0,0.0,0.00020155879725008833,-0.01,1666029795,363798319,-25.0,-80.0,11.53625,1666029795,385136170,-0.025,0.011536250000000001,1666029797,330169574
1666029797,872347099,-25.039869063783684,-100.0,12.700587219273551,1666029797,272394992,-25.039869063783684,-0.09401108867615449,12.700587219273551,1666029797,272394992,85.99187469482422,14.03384017944336,-180.88111877441406,0.9996168613433838,0.012058379128575325,0.02491423860192299,5.590076845862768e-09,1666029797,854422315,-19.706679563066373,-79.34334214195286,12.787230114192432,0.7105177651106421,0.7035325156157886,0.01685158524383215,0.006292774154037709,1666029797,573503485,0,0,0,0,0,0,0,0,0,-25.0,-75.0,11.53625,1.0,0.0,0.0,0.0,1666029795,362394955,-0.5,-0.06479073906165457,0.0,0.001,0.9763674822688404,0.001,0.0,-0.003361070300423683,-0.5,-0.01,-0.0002241638475781838,0.0,0.0,0.00020155879725008833,-0.01,1666029795,363798319,-25.0,-80.0,11.53625,1666029795,385136170,-0.025,0.011536250000000001,1666029797,830136534
1666029798,372344519,-25.039869063783684,-100.0,12.700587219273551,1666029798,278465698,-25.039869063783684,-0.09401108867615449,12.700587219273551,1666029798,278465698,86.03353118896484,14.036352157592773,-180.85888671875,0.9996223449707031,0.012190581299364567,0.02462649531662464,-2.9799023693044546e-08,1666029798,368217289,-19.770858703328713,-79.26600047017075,12.749278436449067,0.7106423624251039,0.7033985022576525,0.017080795442126692,0.006512156842835248,1666029798,176125583,0,0,0,0,0,0,0,0,0,-25.0,-80.0,11.53625,1.0,0.0,0.0,0.0,1666029798,165155621,-0.5,-0.0760483093647475,0.0,0.001,1.0568757768938983,0.001,0.0,-0.0006474220621038099,-0.5,-0.01,-0.00017996717455801762,0.0,0.0,0.00012652649096786488,-0.01,1666029798,166747424,-25.0,-85.0,11.53625,1666029798,187833797,-0.025,0.011536250000000001,1666029798,330134536
1666029798,872318022,-25.039869063783684,-100.0,12.700587219273551,1666029798,278465698,-25.039869063783684,-0.09401108867615449,12.700587219273551,1666029798,278465698,86.03340911865234,14.006050109863281,-180.86605834960938,0.9996240139007568,0.012098671868443489,0.02460411563515663,2.7935628921227362e-08,1666029798,861312461,-19.739636233403843,-79.25637866439291,12.7397526790676,0.7106433235625111,0.7034075454844144,0.016868087577882555,0.006306727178961191,1666029798,773436329,0,0,0,0,0,0,0,0,0,-25.0,-80.0,11.53625,1.0,0.0,0.0,0.0,1666029798,165155621,-0.5,-0.0760483093647475,0.0,0.001,1.0568757768938983,0.001,0.0,-0.0006474220621038099,-0.5,-0.01,-0.00017996717455801762,0.0,0.0,0.00012652649096786488,-0.01,1666029798,166747424,-25.0,-85.0,11.53625,1666029798,187833797,-0.025,0.011536250000000001,1666029798,830127489
1666029799,372373871,-25.039869063783684,-100.0,12.700587219273551,1666029799,272455193,-25.039869063783684,-0.09401108867615449,12.700587219273551,1666029799,272455193,85.70018005371094,13.811841011047363,-179.96499633789062,0.9995649456977844,0.010682286694645882,0.02748972550034523,2.421036704447488e-08,1666029799,353252963,-19.72368137152816,-79.31629068986354,12.740793080964217,0.710616457485683,0.7034373348882476,0.01681849101835264,0.006259261657285095,1666029799,73333678,0,0,0,0,0,0,0,0,0,-25.0,-80.0,11.53625,1.0,0.0,0.0,0.0,1666029798,165155621,-0.5,-0.0760483093647475,0.0,0.001,1.0568757768938983,0.001,0.0,-0.0006474220621038099,-0.5,-0.01,-0.00017996717455801762,0.0,0.0,0.00012652649096786488,-0.01,1666029798,166747424,-25.0,-85.0,11.53625,1666029798,187833797,-0.025,0.011536250000000001,1666029799,330080840
1666029799,872233936,-25.039869063783684,-100.0,12.700587219273551,1666029799,272455193,-25.039869063783684,-0.09401108867615449,12.700587219273551,1666029799,272455193,86.65644836425781,13.971115112304688,-174.8626251220703,0.9996273517608643,0.012823880650103092,0.024097146466374397,-2.9798874479070037e-08,1666029799,867713189,-19.591180362866822,-84.13364800674293,12.719356305705169,0.7113354372966225,0.7026740661302522,0.017808611454302476,0.007204149322593806,1666029799,676768817,0,0,0,0,0,0,0,0,0,-25.0,-80.0,11.53625,1.0,0.0,0.0,0.0,1666029798,165155621,-0.5,-0.0760483093647475,0.0,0.001,1.0568757768938983,0.001,0.0,-0.0006474220621038099,-0.5,-0.01,-0.00017996717455801762,0.0,0.0,0.00012652649096786488,-0.01,1666029798,166747424,-25.0,-85.0,11.53625,1666029798,187833797,-0.025,0.011536250000000001,1666029799,830091585
1666029800,372319638,-25.039869063783684,-100.0,12.700587219273551,1666029800,272500707,-25.039869063783684,-0.09401108867615449,12.700587219273551,1666029800,272500707,86.46365356445312,13.836999893188477,-176.06207275390625,0.999618649482727,0.012350679375231266,0.02469686046242714,1.1180134151800303e-08,1666029800,359750227,-19.321338347624575,-84.40645553577002,12.81887380940804,0.710073620986853,0.7039852476361204,0.016750974306070813,0.006202567938287645,1666029800,273535403,0,0,0,0,0,0,0,0,0,-25.0,-80.0,11.53625,1.0,0.0,0.0,0.0,1666029798,165155621,-0.5,-0.0760483093647475,0.0,0.001,1.0568757768938983,0.001,0.0,-0.0006474220621038099,-0.5,-0.01,-0.00017996717455801762,0.0,0.0,0.00012652649096786488,-0.01,1666029798,166747424,-25.0,-85.0,11.53625,1666029798,187833797,-0.025,0.011536250000000001,1666029800,330119154
1666029800,872298994,-25.039869063783684,-100.0,12.700587219273551,1666029800,272500707,-25.039869063783684,-0.09401108867615449,12.700587219273551,1666029800,272500707,86.5110855102539,13.873600959777832,-176.14602661132812,0.9996199607849121,0.012555122375488281,0.024542003870010376,-3.726706498952126e-09,1666029800,857317867,-19.392028166242227,-84.11986399699262,12.770014545056519,0.7102943067858453,0.7037540773630115,0.016955467506516646,0.006396604785223208,1666029800,573550317,0,0,0,0,0,0,0,0,0,-25.0,-85.0,11.53625,1.0,0.0,0.0,0.0,1666029800,757078437,-0.5,-0.07797882483631688,0.0,0.001,0.9976904772221018,0.001,0.0,-0.002001498355057893,-0.5,-0.01,3.3537200695038538e-06,0.0,0.0,0.00016434668852348102,-0.01,1666029800,758540088,-25.0,-90.0,11.53625,1666029800,775105423,-0.025,0.011536250000000001,1666029800,830020283
1666029801,372212917,-25.039869063783684,-100.0,12.700587219273551,1666029801,275869230,-25.039869063783684,-0.09401108867615449,12.700587219273551,1666029801,275869230,86.5294418334961,13.85996150970459,-176.14883422851562,0.9996199607849121,0.012448310852050781,0.024594755843281746,-1.863353249476063e-09,1666029801,366279081,-19.37657490375082,-84.04939639668149,12.73729083063727,0.7103784749273686,0.7036688750996176,0.01694959907056752,0.006389593222688103,1666029801,174736476,0,0,0,0,0,0,0,0,0,-25.0,-85.0,11.53625,1.0,0.0,0.0,0.0,1666029800,757078437,-0.5,-0.07797882483631688,0.0,0.001,0.9976904772221018,0.001,0.0,-0.002001498355057893,-0.5,-0.01,3.3537200695038538e-06,0.0,0.0,0.00016434668852348102,-0.01,1666029800,758540088,-25.0,-90.0,11.53625,1666029800,775105423,-0.025,0.011536250000000001,1666029801,330022628
1666029801,872350411,-25.039869063783684,-100.0,12.700587219273551,1666029801,275869230,-25.039869063783684,-0.09401108867615449,12.700587219273551,1666029801,275869230,86.30477905273438,13.706321716308594,-175.826904296875,0.9995885491371155,0.011436344124376774,0.026304487138986588,2.9800032663729326e-08,1666029801,858147362,-19.399708869856852,-84.04912745374781,12.745061389934428,0.7103139896158601,0.7037227567069206,0.017236541050220447,0.00666774671804324,1666029801,773365004,0,0,0,0,0,0,0,0,0,-25.0,-85.0,11.53625,1.0,0.0,0.0,0.0,1666029800,757078437,-0.5,-0.07797882483631688,0.0,0.001,0.9976904772221018,0.001,0.0,-0.002001498355057893,-0.5,-0.01,3.3537200695038538e-06,0.0,0.0,0.00016434668852348102,-0.01,1666029800,758540088,-25.0,-90.0,11.53625,1666029800,775105423,-0.025,0.011536250000000001,1666029801,830039685
1666029802,372248416,-25.039869063783684,-100.0,12.700587219273551,1666029802,272506000,-25.039869063783684,-0.09401108867615449,12.700587219273551,1666029802,272506000,87.1251220703125,13.71299934387207,-169.6625518798828,0.9996371269226074,0.012329937890172005,0.023947598412632942,-2.6086498294830562e-08,1666029802,370315552,-19.44435266231075,-84.60471229665626,12.710101169914843,0.7105712547840488,0.7034516514892746,0.017387036514487732,0.0068090447130000915,1666029802,73399386,0,0,0,0,0,0,0,0,0,-25.0,-85.0,11.53625,1.0,0.0,0.0,0.0,1666029800,757078437,-0.5,-0.07797882483631688,0.0,0.001,0.9976904772221018,0.001,0.0,-0.002001498355057893,-0.5,-0.01,3.3537200695038538e-06,0.0,0.0,0.00016434668852348102,-0.01,1666029800,758540088,-25.0,-90.0,11.53625,1666029800,775105423,-0.025,0.011536250000000001,1666029802,330022282
1666029802,872313683,-25.039869063783684,-100.0,12.700587219273551,1666029802,272506000,-25.039869063783684,-0.09401108867615449,12.700587219273551,1666029802,272506000,86.9063720703125,13.715930938720703,-171.10595703125,0.9995967745780945,0.013025403022766113,0.02523338794708252,1.8633965481740233e-08,1666029802,867629271,-18.900510441780753,-90.2477422136854,12.819668298555293,0.7101865775337662,0.7038661346500726,0.01681196303784124,0.006259696391207973,1666029802,673409794,0,0,0,0,0,0,0,0,0,-25.0,-85.0,11.53625,1.0,0.0,0.0,0.0,1666029800,757078437,-0.5,-0.07797882483631688,0.0,0.001,0.9976904772221018,0.001,0.0,-0.002001498355057893,-0.5,-0.01,3.3537200695038538e-06,0.0,0.0,0.00016434668852348102,-0.01,1666029800,758540088,-25.0,-90.0,11.53625,1666029800,775105423,-0.025,0.011536250000000001,1666029802,829998295
1666029803,372326054,-25.039869063783684,-100.0,12.700587219273551,1666029803,272312620,-25.039869063783684,-0.09401108867615449,12.700587219273551,1666029803,272312620,86.8539047241211,13.65740966796875,-171.2493896484375,0.9995937943458557,0.012590408325195312,0.025569111108779907,2.4209668936236994e-08,1666029803,360874540,-19.01864119638587,-89.0260802637143,12.724848961864502,0.7101994958446198,0.7038372367844926,0.017281644312696437,0.006713085379289415,1666029803,273386054,0,0,0,0,0,0,0,0,0,-25.0,-85.0,11.53625,1.0,0.0,0.0,0.0,1666029800,757078437,-0.5,-0.07797882483631688,0.0,0.001,0.9976904772221018,0.001,0.0,-0.002001498355057893,-0.5,-0.01,3.3537200695038538e-06,0.0,0.0,0.00016434668852348102,-0.01,1666029800,758540088,-25.0,-90.0,11.53625,1666029800,775105423,-0.025,0.011536250000000001,1666029803,329983921
1666029803,872334311,-25.039869063783684,-100.0,12.700587219273551,1666029803,272312620,-25.039869063783684,-0.09401108867615449,12.700587219273551,1666029803,272312620,86.88170623779297,13.68113899230957,-171.2401580810547,0.9995934367179871,0.012899338267743587,0.025430262088775635,5.590208296268884e-09,1666029803,850960339,-19.08535884938904,-88.95127426126061,12.739091801462315,0.7101508141036915,0.7038765197139243,0.017566467415107322,0.006988924491802181,1666029803,573497566,0,0,0,0,0,0,0,0,0,-25.0,-90.0,11.53625,1.0,0.0,0.0,0.0,1666029803,382113436,-0.5,-0.07583289477412292,0.0,0.001,0.9869997817019823,0.001,0.0,0.005171001390404965,-0.5,-0.01,-0.00011674839236462811,0.0,0.0,9.1153792894928e-05,-0.01,1666029803,383044979,-25.0,-95.0,11.53625,1666029803,399489380,-0.025,0.011536250000000001,1666029803,829922219
1666029804,372196251,-25.039869063783684,-100.0,12.700587219273551,1666029804,272357857,-25.039869063783684,-0.09401108867615449,12.700587219273551,1666029804,272357857,86.91450500488281,13.657960891723633,-171.1931915283203,0.9996078610420227,0.012907149270176888,0.024849388748407364,9.302321579696127e-09,1666029804,365580983,-19.060872291593228,-88.96765902503125,12.730500503810283,0.7100379692539492,0.7039960731614385,0.017540805268997,0.006965920936519711,1666029804,173653220,0,0,0,0,0,0,0,0,0,-25.0,-90.0,11.53625,1.0,0.0,0.0,0.0,1666029803,382113436,-0.5,-0.07583289477412292,0.0,0.001,0.9869997817019823,0.001,0.0,0.005171001390404965,-0.5,-0.01,-0.00011674839236462811,0.0,0.0,9.1153792894928e-05,-0.01,1666029803,383044979,-25.0,-95.0,11.53625,1666029803,399489380,-0.025,0.011536250000000001,1666029804,329913866
1666029804,872245217,-25.039869063783684,-100.0,12.700587219273551,1666029804,272357857,-25.039869063783684,-0.09401108867615449,12.700587219273551,1666029804,272357857,87.10723876953125,13.43726634979248,-166.16818237304688,0.9995889067649841,0.01107335090637207,0.026446254923939705,2.7951168490858436e-08,1666029804,858524124,-19.064724334726108,-89.63889473287242,12.658880304930115,0.7105143838036805,0.7035124666402116,0.017367070327512918,0.006790639969147741,1666029804,773311970,0,0,0,0,0,0,0,0,0,-25.0,-90.0,11.53625,1.0,0.0,0.0,0.0,1666029803,382113436,-0.5,-0.07583289477412292,0.0,0.001,0.9869997817019823,0.001,0.0,0.005171001390404965,-0.5,-0.01,-0.00011674839236462811,0.0,0.0,9.1153792894928e-05,-0.01,1666029803,383044979,-25.0,-95.0,11.53625,1666029803,399489380,-0.025,0.011536250000000001,1666029804,829902320
1666029805,372234757,-25.039869063783684,-100.0,12.700587219273551,1666029805,276925322,-25.039869063783684,-0.09401108867615449,12.700587219273551,1666029805,276925322,87.40982818603516,13.609333038330078,-166.04002380371094,0.9995917677879333,0.013584614731371403,0.02513614110648632,1.8619500607996997e-08,1666029805,371698168,-18.76665217885784,-94.38261894631242,12.7669680470947,0.7107960910439491,0.7032252019107341,0.017553973054885864,0.006966720461845396,1666029805,73531356,0,0,0,0,0,0,0,0,0,-25.0,-90.0,11.53625,1.0,0.0,0.0,0.0,1666029803,382113436,-0.5,-0.07583289477412292,0.0,0.001,0.9869997817019823,0.001,0.0,0.005171001390404965,-0.5,-0.01,-0.00011674839236462811,0.0,0.0,9.1153792894928e-05,-0.01,1666029803,383044979,-25.0,-95.0,11.53625,1666029803,399489380,-0.025,0.011536250000000001,1666029805,329894930
1666029805,872325164,-25.039869063783684,-100.0,12.700587219273551,1666029805,276925322,-25.039869063783684,-0.09401108867615449,12.700587219273551,1666029805,276925322,87.3506851196289,13.532186508178711,-166.4179229736328,0.9995927214622498,0.0132749667391181,0.025265157222747803,2.2346291927988204e-08,1666029805,860098645,-18.682081780892076,-93.97341806020779,12.806680587661212,0.7096263391737496,0.7044037516542728,0.01765487095155278,0.0070825411057225274,1666029805,673340486,0,0,0,0,0,0,0,0,0,-25.0,-90.0,11.53625,1.0,0.0,0.0,0.0,1666029803,382113436,-0.5,-0.07583289477412292,0.0,0.001,0.9869997817019823,0.001,0.0,0.005171001390404965,-0.5,-0.01,-0.00011674839236462811,0.0,0.0,9.1153792894928e-05,-0.01,1666029803,383044979,-25.0,-95.0,11.53625,1666029803,399489380,-0.025,0.011536250000000001,1666029805,829920206
1666029806,372375980,-25.039869063783684,-100.0,12.700587219273551,1666029806,272409135,-25.039869063783684,-0.09401108867615449,12.700587219273551,1666029806,272409135,87.34935760498047,13.520075798034668,-166.4940948486328,0.99958735704422,0.013181568123400211,0.025522559881210327,-2.049755565280975e-08,1666029806,352798904,-18.632601512705904,-93.7656973970885,12.744855447654096,0.7097634834451299,0.7042760509581374,0.017300663512111746,0.006738321617515924,1666029806,273718914,0,0,0,0,0,0,0,0,0,-25.0,-95.0,11.53625,1.0,0.0,0.0,0.0,1666029806,164299528,-0.5,-0.06584135161329376,0.0,0.001,0.9610828361569662,0.001,0.0,-0.0013749607503193558,-0.5,-0.01,-0.00019346080191986028,0.0,0.0,0.00018817697044983548,-0.01,1666029806,166056728,-25.0,-100.0,11.53625,1666029806,179288755,-0.025,0.011536250000000001,1666029806,329844920
1666029806,872345592,-25.039869063783684,-100.0,12.700587219273551,1666029806,272409135,-25.039869063783684,-0.09401108867615449,12.700587219273551,1666029806,272409135,87.3650894165039,13.509963989257812,-166.52072143554688,0.9995914101600647,0.013135909102857113,0.025385884568095207,-1.118043968517668e-08,1666029806,867916786,-18.67507865088693,-93.73754728812986,12.727144680600723,0.7098631727860147,0.7041687036172497,0.017541525269705385,0.006969357918784242,1666029806,574054776,0,0,0,0,0,0,0,0,0,-25.0,-95.0,11.53625,1.0,0.0,0.0,0.0,1666029806,164299528,-0.5,-0.06584135161329376,0.0,0.001,0.9610828361569662,0.001,0.0,-0.0013749607503193558,-0.5,-0.01,-0.00019346080191986028,0.0,0.0,0.00018817697044983548,-0.01,1666029806,166056728,-25.0,-100.0,11.53625,1666029806,179288755,-0.025,0.011536250000000001,1666029806,829855859
1666029807,372291354,-25.039869063783684,-100.0,12.700587219273551,1666029807,272333121,-25.039869063783684,-0.09401108867615449,12.700587219273551,1666029807,272333121,87.32157135009766,13.54360294342041,-162.5423126220703,0.9994807839393616,0.01189965009689331,0.029942452907562256,1.3045289293245332e-08,1666029807,360752491,-18.72246599139571,-93.6832727437851,12.712748202384724,0.709899747987015,0.7041251140250815,0.017734804578452553,0.007155457017747205,1666029807,173415621,0,0,0,0,0,0,0,0,0,-25.0,-95.0,11.53625,1.0,0.0,0.0,0.0,1666029806,164299528,-0.5,-0.06584135161329376,0.0,0.001,0.9610828361569662,0.001,0.0,-0.0013749607503193558,-0.5,-0.01,-0.00019346080191986028,0.0,0.0,0.00018817697044983548,-0.01,1666029806,166056728,-25.0,-100.0,11.53625,1666029806,179288755,-0.025,0.011536250000000001,1666029807,329866250
1666029807,872371587,-25.039869063783684,-100.0,12.700587219273551,1666029807,272333121,-25.039869063783684,-0.09401108867615449,12.700587219273551,1666029807,272333121,87.98146057128906,13.409510612487793,-160.03524780273438,0.9995899796485901,0.013664722442626953,0.02516329288482666,-1.3043864655060133e-08,1666029807,858131201,-18.370013810400977,-100.14661508273741,12.820717849646677,0.7103799824225814,0.7036257253956975,0.01816178659873894,0.007560273373029256,1666029807,773506529,0,0,0,0,0,0,0,0,0,-25.0,-95.0,11.53625,1.0,0.0,0.0,0.0,1666029806,164299528,-0.5,-0.06584135161329376,0.0,0.001,0.9610828361569662,0.001,0.0,-0.0013749607503193558,-0.5,-0.01,-0.00019346080191986028,0.0,0.0,0.00018817697044983548,-0.01,1666029806,166056728,-25.0,-100.0,11.53625,1666029806,179288755,-0.025,0.011536250000000001,1666029807,829792347
1666029808,372338405,-25.039869063783684,-100.0,12.700587219273551,1666029808,276331954,-25.039869063783684,-0.09401108867615449,12.700587219273551,1666029808,276331954,87.85364532470703,13.372865676879883,-161.1936798095703,0.9995728135108948,0.013867023400962353,0.025724980980157852,2.7951617909138804e-08,1666029808,366470136,-18.16912195672792,-100.18630376022406,12.82649642731787,0.7095272878154201,0.7045134409397892,0.01735397970820922,0.006793536330595174,1666029808,73497130,0,0,0,0,0,0,0,0,0,-25.0,-95.0,11.53625,1.0,0.0,0.0,0.0,1666029806,164299528,-0.5,-0.06584135161329376,0.0,0.001,0.9610828361569662,0.001,0.0,-0.0013749607503193558,-0.5,-0.01,-0.00019346080191986028,0.0,0.0,0.00018817697044983548,-0.01,1666029806,166056728,-25.0,-100.0,11.53625,1666029806,179288755,-0.025,0.011536250000000001,1666029808,329785733
1666029808,872353027,-25.039869063783684,-100.0,12.700587219273551,1666029808,276331954,-25.039869063783684,-0.09401108867615449,12.700587219273551,1666029808,276331954,87.9343490600586,13.34423828125,-161.2197265625,0.9995891451835632,0.013334988616406918,0.025373248383402824,2.4209782623074716e-08,1666029808,858545680,-18.298623287083373,-98.97915701369936,12.724600844062856,0.7095170745211494,0.7045029255667657,0.01794383081255761,0.007363360345333253,1666029808,673371096,0,0,0,0,0,0,0,0,0,-25.0,-95.0,11.53625,1.0,0.0,0.0,0.0,1666029806,164299528,-0.5,-0.06584135161329376,0.0,0.001,0.9610828361569662,0.001,0.0,-0.0013749607503193558,-0.5,-0.01,-0.00019346080191986028,0.0,0.0,0.00018817697044983548,-0.01,1666029806,166056728,-25.0,-100.0,11.53625,1666029806,179288755,-0.025,0.011536250000000001,1666029808,829769916
1666029809,372232239,-25.039869063783684,-100.0,12.700587219273551,1666029809,272344058,-25.039869063783684,-0.09401108867615449,12.700587219273551,1666029809,272344058,87.83641052246094,13.402689933776855,-161.3421630859375,0.9995773434638977,0.013108969666063786,0.025948286056518555,9.317163929267736e-09,1666029809,370882127,-18.21137275043222,-98.92941797788234,12.743343056063459,0.7098056075579406,0.7042258626763712,0.017745144951407124,0.0071669204099211875,1666029809,273405011,0,0,0,0,0,0,0,0,0,-25.0,-100.0,11.53625,1.0,0.0,0.0,0.0,1666029809,5958901,-0.5,-0.08760787872258256,0.0,0.001,1.0141789197926983,0.001,0.0,0.0026424382705123005,-0.5,-0.01,-0.00010083093218478787,0.0,0.0,0.00011675626887774447,-0.01,1666029809,7021791,-25.0,-100.0,11.53625,1666029809,9337057,-0.025,0.011536250000000001,1666029809,329708042
1666029809,872227619,-25.039869063783684,-100.0,12.700587219273551,1666029809,272344058,-25.039869063783684,-0.09401108867615449,12.700587219273551,1666029809,272344058,87.83988952636719,13.53817081451416,-161.45199584960938,0.9995846152305603,0.01259994599968195,0.025922270491719246,1.48927954413125e-08,1666029809,868149469,-18.272864866112556,-98.87369755830184,12.78279977708933,0.7099156216321539,0.704106250921352,0.017907965359119492,0.007322420551913256,1666029809,578269865,0,0,0,0,0,0,0,0,0,-25.0,-100.0,11.53625,1.0,0.0,0.0,0.0,1666029809,5958901,-0.5,-0.08760787872258256,0.0,0.001,1.0141789197926983,0.001,0.0,0.0026424382705123005,-0.5,-0.01,-0.00010083093218478787,0.0,0.0,0.00011675626887774447,-0.01,1666029809,7021791,-25.0,-100.0,11.53625,1666029809,9337057,-0.025,0.011536250000000001,1666029809,829715134
1666029810,372412227,-25.039869063783684,-100.0,12.700587219273551,1666029810,272299936,-25.039869063783684,-0.09401108867615449,12.700587219273551,1666029810,272299936,87.8038330078125,13.50503158569336,-161.52175903320312,0.9995793700218201,0.012299894355237484,0.02626785635948181,1.1180573800118054e-08,1666029810,355314809,-18.268795161292843,-98.76464961513702,12.887628445944934,0.7103750148820773,0.7036407766562883,0.01786437418845612,0.007273118892115297,1666029810,173353319,0,0,0,0,0,0,0,0,0,-25.0,-100.0,11.53625,1.0,0.0,0.0,0.0,1666029809,5958901,-0.5,-0.08760787872258256,0.0,0.001,1.0141789197926983,0.001,0.0,0.0026424382705123005,-0.5,-0.01,-0.00010083093218478787,0.0,0.0,0.00011675626887774447,-0.01,1666029809,7021791,-25.0,-100.0,11.53625,1666029809,9337057,-0.025,0.011536250000000001,1666029810,329707346
1666029810,872285343,-25.039869063783684,-100.0,12.700587219273551,1666029810,272299936,-25.039869063783684,-0.09401108867615449,12.700587219273551,1666029810,272299936,87.8223648071289,13.476334571838379,-161.5916290283203,0.9995831847190857,0.012136995792388916,0.026198089122772217,3.7122858120852698e-09,1666029810,870202740,-18.280207039385957,-98.65365073866212,12.873848738726657,0.7104640044229023,0.7035432246446613,0.018110753775369408,0.007509661993011299,1666029810,775310011,0,0,0,0,0,0,0,0,0,-25.0,-100.0,11.53625,1.0,0.0,0.0,0.0,1666029809,5958901,-0.5,-0.08760787872258256,0.0,0.001,1.0141789197926983,0.001,0.0,0.0026424382705123005,-0.5,-0.01,-0.00010083093218478787,0.0,0.0,0.00011675626887774447,-0.01,1666029809,7021791,-25.0,-100.0,11.53625,1666029809,9337057,-0.025,0.011536250000000001,1666029810,829698252
